"label","tool","n_long","n_id","n_levels","times","first_run_sec","skipped","min","lq","mean","median","uq","max","neval","gc_sec","relative_mean","relative_median"
"Dcast: n_long=1,000, 1 id + 10 lvl","dataprep",1000,1,10,20,0.0004631,FALSE,0.3693,0.3738,0.383565,0.3785,0.388575,0.4205,20,4.9160796,1,1
"Dcast: n_long=1,000, 1 id + 10 lvl","reshape2",1000,1,10,20,0.0023124,FALSE,2.2033,2.219625,2.412005,2.4601,2.475425,2.939,20,5.0813101,6.28838658376025,6.4996036988111
"Dcast: n_long=1,000, 1 id + 10 lvl","pandas",1000,1,10,20,0.0029566,FALSE,2.6464,2.685325,2.832215,2.71025,2.80465,4.3561,20,4.8217857,7.3839244978035,7.16050198150594
"Dcast: n_long=1,000, 1 id + 10 lvl","data.table",1000,1,10,20,0.004322,FALSE,3.6422,3.70405,3.88516,3.7306,3.991025,4.4954,20,5.0438676,10.1290785134202,9.85627476882431
"Dcast: n_long=1,000, 1 id + 10 lvl","polars",1000,1,10,20,0.0086123,FALSE,3.9841,4.63475,5.113715,4.9087,5.3251,6.8434,20,5.3880502,13.3320688801116,12.9688243064729
"Dcast: n_long=1,000, 1 id + 10 lvl","tidyr",1000,1,10,20,0.0063848,FALSE,6.2805,6.322925,6.464675,6.35355,6.553825,7.3238,20,4.9289528,16.854183775892,16.7861294583884
"Dcast: n_long=1,000, 1 id + 10 lvl","dask",1000,1,10,15,0.0164972,FALSE,15.2726,15.3693,15.5972666666667,15.6214,15.73605,16.1047,15,4.1295667,40.6639465714199,41.2718626155878
"Dcast: n_long=1,000, 1 id + 10 lvl","duckdb",1000,1,10,15,0.0206104,FALSE,17.7097,19.0845,19.3824133333333,19.4747,19.80125,20.3697,15,4.1132921,50.5322783187552,51.4523117569353
"Dcast: n_long=10,000, 1 id + 10 lvl","dataprep",10000,1,10,20,0.00083,FALSE,0.4221,0.44305,0.47823,0.4713,0.484,0.7269,20,5.220828,1,1
"Dcast: n_long=10,000, 1 id + 10 lvl","reshape2",10000,1,10,20,0.0046916,FALSE,4.056,4.106275,4.1782,4.14085,4.246025,4.6239,20,5.2453078,8.73680028438199,8.78601739868449
"Dcast: n_long=10,000, 1 id + 10 lvl","pandas",10000,1,10,20,0.0050027,FALSE,4.6913,4.749175,5.07836,4.95685,5.3347,6.1606,20,5.2128817,10.6190745038998,10.5173986844897
"Dcast: n_long=10,000, 1 id + 10 lvl","polars",10000,1,10,20,0.0069269,FALSE,5.0929,5.538975,5.8057,5.6498,5.887975,7.4519,20,5.7000796,12.1399744892625,11.9876936134097
"Dcast: n_long=10,000, 1 id + 10 lvl","data.table",10000,1,10,20,0.0069176,FALSE,6.8495,7.0557,7.39062,7.26425,7.475875,8.5024,20,5.2225363,15.4541120381406,15.4132187566306
"Dcast: n_long=10,000, 1 id + 10 lvl","tidyr",10000,1,10,20,0.008577,FALSE,7.1602,7.493575,8.015825,8.24345,8.38895,9.3956,20,5.3125505,16.761443238609,17.4908762995969
"Dcast: n_long=10,000, 1 id + 10 lvl","dask",10000,1,10,15,0.0216389,FALSE,17.4142,18.4845,18.73174,18.7282,19.0049,20.776,15,4.4527087,39.1688936285888,39.7373223000212
"Dcast: n_long=10,000, 1 id + 10 lvl","duckdb",10000,1,10,15,0.0274898,FALSE,23.0678,24.2666,24.6275866666667,24.4835,24.84145,26.9917,15,4.3051749,51.49736876956,51.9488648419266
"Dcast: n_long=100,000, 1 id + 10 lvl","dataprep",100000,1,10,20,0.0010408,FALSE,1.0018,1.0071,1.02853,1.0205,1.048525,1.0737,20,5.5362771,1,1
"Dcast: n_long=100,000, 1 id + 10 lvl","polars",100000,1,10,15,0.0122573,FALSE,9.4913,10.18155,11.0688,11.2023,11.66195,13.6378,15,3.8664236,10.7617667933847,10.9772660460559
"Dcast: n_long=100,000, 1 id + 10 lvl","tidyr",100000,1,10,15,0.0148909,FALSE,13.4134,13.6777,13.88666,13.7687,13.8404,16.1797,15,4.2289816,13.501463253381,13.4921117099461
"Dcast: n_long=100,000, 1 id + 10 lvl","pandas",100000,1,10,15,0.0214079,FALSE,20.0838,20.34755,20.44386,20.4036,20.46575,20.8066,15,4.0949269,19.8767755923502,19.9937285644292
"Dcast: n_long=100,000, 1 id + 10 lvl","reshape2",100000,1,10,15,0.036849,FALSE,30.3325,30.4985,31.26724,30.7132,30.8667,36.3719,15,4.3157533,30.3999299971804,30.0962273395394
"Dcast: n_long=100,000, 1 id + 10 lvl","data.table",100000,1,10,15,0.0465583,FALSE,35.8711,38.6325,39.98596,40.2076,41.0681,44.129,15,4.3193606,38.8768047601917,39.3999020088192
"Dcast: n_long=100,000, 1 id + 10 lvl","dask",100000,1,10,15,0.0519259,FALSE,41.0627,41.545,42.06118,41.7164,41.96585,46.1661,15,4.0935616,40.8944610269025,40.878392944635
"Dcast: n_long=100,000, 1 id + 10 lvl","duckdb",100000,1,10,15,0.0757439,FALSE,68.372,72.1694,73.4892066666667,73.1258,75.57045,77.4913,15,4.1416064,71.450717690944,71.6568348848603
"Dcast: n_long=1,000,000, 1 id + 10 lvl","dataprep",1000000,1,10,20,0.0032132,FALSE,3.1695,3.318825,3.425755,3.37665,3.482825,3.8599,20,5.4071812,1,1
"Dcast: n_long=1,000,000, 1 id + 10 lvl","polars",1000000,1,10,15,0.0411931,FALSE,36.2612,39.92175,44.60384,41.9296,44.31935,63.6907,15,3.6905205,13.0201488431017,12.4175144003672
"Dcast: n_long=1,000,000, 1 id + 10 lvl","tidyr",1000000,1,10,10,0.1014951,FALSE,88.0667,88.358525,93.28986,88.4772,100.548475,101.1439,10,2.6873159,27.2319123813583,26.2026564790547
"Dcast: n_long=1,000,000, 1 id + 10 lvl","data.table",1000000,1,10,10,0.1406051,FALSE,137.392,142.220325,148.63775,151.6911,153.651925,155.0636,10,2.7560937,43.388318779364,44.9235484874062
"Dcast: n_long=1,000,000, 1 id + 10 lvl","pandas",1000000,1,10,10,0.2802751,FALSE,241.5382,242.590125,251.50831,243.38945,253.9046,279.1347,10,2.6957383,73.4168993404374,72.0801534064828
"Dcast: n_long=1,000,000, 1 id + 10 lvl","reshape2",1000000,1,10,10,0.2642085,FALSE,254.4291,255.244225,281.53265,256.76345,266.25665,482.9025,10,2.663991,82.1811980132847,76.0408837161092
"Dcast: n_long=1,000,000, 1 id + 10 lvl","dask",1000000,1,10,10,0.4525471,FALSE,323.0707,325.5452,346.42182,346.08855,366.187725,371.0152,10,2.5919908,101.122765638523,102.494647061437
"Dcast: n_long=1,000,000, 1 id + 10 lvl","duckdb",1000000,1,10,10,0.3572411,FALSE,349.7864,388.860875,391.23736,393.29095,394.82145,425.7017,10,2.637567,114.204711078288,116.473709149601
"Dcast: n_long=10,000,000, 1 id + 10 lvl","dataprep",10000000,1,10,15,0.0224895,FALSE,22.212,22.9949,23.1937533333333,23.3259,23.36225,24.5425,15,4.4175716,1,1
"Dcast: n_long=10,000,000, 1 id + 10 lvl","polars",10000000,1,10,10,0.368231,FALSE,340.8781,441.74775,459.51152,457.9078,473.387225,553.5426,10,2.8294026,19.8118654361821,19.6308738355219
"Dcast: n_long=10,000,000, 1 id + 10 lvl","data.table",10000000,1,10,10,0.9375196,FALSE,935.9774,942.1544,989.51982,985.5084,1033.86495,1047.5786,10,3.2657896,42.6632035694668,42.2495337800471
"Dcast: n_long=10,000,000, 1 id + 10 lvl","tidyr",10000000,1,10,5,1.5483618,FALSE,1477.6041,1479.904,1481.13422,1481.6852,1483.1656,1483.3122,5,1.627214,63.8591865108508,63.5210302710721
"Dcast: n_long=10,000,000, 1 id + 10 lvl","pandas",10000000,1,10,5,2.8549696,FALSE,2544.079,2623.9481,2698.92822,2721.2297,2777.0272,2828.3571,5,1.4022656,116.364444392068,116.661294955393
"Dcast: n_long=10,000,000, 1 id + 10 lvl","reshape2",10000000,1,10,5,3.2621246,FALSE,2759.0487,2762.953,2820.30104,2777.6103,2779.6418,3022.2514,5,1.5637669,121.597440460262,119.078376397052
"Dcast: n_long=10,000,000, 1 id + 10 lvl","dask",10000000,1,10,5,4.462371,FALSE,3287.8331,3288.4781,3299.79182,3296.0823,3307.7866,3318.779,5,1.3700891,142.270712832737,141.30568595424
"Dcast: n_long=10,000,000, 1 id + 10 lvl","duckdb",10000000,1,10,5,3.3679387,FALSE,3389.9348,3436.6824,3619.34808,3739.8188,3764.7334,3765.571,5,1.4462969,156.048399238531,160.329024817906
"Dcast: n_long=100,000,000, 1 id + 10 lvl","dataprep",100000000,1,10,10,0.2110979,FALSE,210.4104,213.612325,214.30504,214.0764,214.9332,219.4598,10,6.0369615,1,1
"Dcast: n_long=100,000,000, 1 id + 10 lvl","polars",100000000,1,10,5,4.2860897,FALSE,4644.4188,4674.6209,4722.56102,4696.9829,4740.9574,4855.8251,5,2.7701861,22.0366306830675,21.9406851946314
"Dcast: n_long=100,000,000, 1 id + 10 lvl","data.table",100000000,1,10,1,12.8532076,FALSE,13164.9217,13164.9217,13164.9217,13164.9217,13164.9217,13164.9217,1,0.7992527,61.4307610310985,61.4963709217831
"Dcast: n_long=100,000,000, 1 id + 10 lvl","tidyr",100000000,1,10,1,16.373147,FALSE,16383.4569,16383.4569,16383.4569,16383.4569,16383.4569,16383.4569,1,0.6509538,76.4492374981008,76.5308875709793
"Dcast: n_long=100,000,000, 1 id + 10 lvl","reshape2",100000000,1,10,1,30.3934236,FALSE,29441.6343,29441.6343,29441.6343,29441.6343,29441.6343,29441.6343,1,0.8189548,137.381903384073,137.528631367119
"Dcast: n_long=100,000,000, 1 id + 10 lvl","pandas",100000000,1,10,1,32.5421292,FALSE,31753.1441,31753.1441,31753.1441,31753.1441,31753.1441,31753.1441,1,0.5224224,148.167976357439,148.326224189121
"Dcast: n_long=100,000,000, 1 id + 10 lvl","duckdb",100000000,1,10,1,33.6429951,FALSE,33441.9393,33441.9393,33441.9393,33441.9393,33441.9393,33441.9393,1,0.5561952,156.048309923089,156.214974186786
"Dcast: n_long=100,000,000, 1 id + 10 lvl","dask",100000000,1,10,1,46.8674174,FALSE,38192.1584,38192.1584,38192.1584,38192.1584,38192.1584,38192.1584,1,0.4853771,178.214000006719,178.404337890585
"Dcast: n_long=1,000,000, 1 id + 100 lvl","dataprep",1000000,1,100,20,0.0035776,FALSE,3.6593,3.893825,4.048545,3.9947,4.212625,4.5177,20,5.2574437,1,1
"Dcast: n_long=1,000,000, 1 id + 100 lvl","polars",1000000,1,100,10,0.4805844,FALSE,49.9935,54.448925,56.02611,56.31495,58.362275,61.0729,10,2.5010725,13.8385790450643,14.0974165769645
"Dcast: n_long=1,000,000, 1 id + 100 lvl","tidyr",1000000,1,100,15,0.0940553,FALSE,83.0023,83.6956,91.0498466666667,93.8908,95.735,96.4471,15,4.0073597,22.4895231908418,23.5038425914336
"Dcast: n_long=1,000,000, 1 id + 100 lvl","data.table",1000000,1,100,10,0.1664835,FALSE,161.1448,163.71775,169.13993,164.83485,166.971175,197.0021,10,2.6534841,41.7779547961058,41.2633864870954
"Dcast: n_long=1,000,000, 1 id + 100 lvl","reshape2",1000000,1,100,10,0.1752492,FALSE,172.4,172.836425,173.39897,173.23615,173.501325,176.0654,10,2.6558817,42.8299475490578,43.3664981099957
"Dcast: n_long=1,000,000, 1 id + 100 lvl","pandas",1000000,1,100,10,0.2330207,FALSE,228.5346,228.87895,229.42579,229.45405,229.8649,230.3504,10,2.5233096,56.668701965768,57.4396199964954
"Dcast: n_long=1,000,000, 1 id + 100 lvl","dask",1000000,1,100,10,0.42768,FALSE,308.8429,310.283275,332.82315,328.85965,353.71885,371.3419,10,2.5382572,82.2080895729207,82.3239917891206
"Dcast: n_long=1,000,000, 1 id + 100 lvl","duckdb",1000000,1,100,10,0.8012236,FALSE,762.9318,782.253075,800.50352,796.74275,815.50995,852.2851,10,2.6556212,197.726225100623,199.449958695271
"Dcast: n_long=1,000,000, 1 id + 1000 lvl","dataprep",1000000,1,1000,20,0.0048827,FALSE,4.3978,4.796925,5.06365,4.95585,5.313925,6.2675,20,5.219614,1,1
"Dcast: n_long=1,000,000, 1 id + 1000 lvl","tidyr",1000000,1,1000,15,0.0819715,FALSE,81.0447,81.4458,81.6437466666667,81.5958,81.652,82.5342,15,3.889614,16.1234972138016,16.4645419050213
"Dcast: n_long=1,000,000, 1 id + 1000 lvl","data.table",1000000,1,1000,10,0.1546664,FALSE,150.1821,151.59555,153.57648,152.0771,153.267025,166.9144,10,2.6515178,30.3292052175802,30.6863807419514
"Dcast: n_long=1,000,000, 1 id + 1000 lvl","polars",1000000,1,1000,10,0.1799181,FALSE,170.2248,172.21145,178.68789,175.75195,183.20405,194.0258,10,2.5000143,35.2883572126826,35.4635329963578
"Dcast: n_long=1,000,000, 1 id + 1000 lvl","reshape2",1000000,1,1000,10,0.1709151,FALSE,188.0472,188.78025,189.3637,189.3111,190.1335,190.5384,10,2.5631464,37.3966802602866,38.1995217772935
"Dcast: n_long=1,000,000, 1 id + 1000 lvl","pandas",1000000,1,1000,10,0.2693659,FALSE,236.045,236.88015,253.03778,251.5178,269.27395,272.6524,10,2.5717153,49.9714198256199,50.7516974888263
"Dcast: n_long=1,000,000, 1 id + 1000 lvl","dask",1000000,1,1000,10,0.3856872,FALSE,314.7557,315.119625,316.61192,315.98755,317.50685,320.7581,10,2.4815521,62.5264226397954,63.7605153505453
"Dcast: n_long=1,000,000, 1 id + 1000 lvl","duckdb",1000000,1,1000,5,1.0441764,FALSE,1066.3802,1124.5448,1136.21638,1152.7124,1154.5883,1182.8562,5,1.3131178,224.386831633308,232.596305376474
"Dcast: n_long=1,000,000, 1 id + 10000 lvl","dataprep",1000000,1,10000,15,0.0266444,FALSE,26.2962,29.76495,29.4107933333333,30.1397,30.2239,30.5958,15,4.0792589,1,1
"Dcast: n_long=1,000,000, 1 id + 10000 lvl","tidyr",1000000,1,10000,10,0.1295266,FALSE,110.9033,111.4867,115.34039,111.7544,113.13385,130.1448,10,2.7496392,3.92170278077051,3.7078803040508
"Dcast: n_long=1,000,000, 1 id + 10000 lvl","data.table",1000000,1,10000,10,0.1804725,FALSE,179.9608,190.6548,191.4521,193.25715,194.182975,195.9901,10,2.7741156,6.50958638993984,6.41204623801829
"Dcast: n_long=1,000,000, 1 id + 10000 lvl","reshape2",1000000,1,10000,10,0.2540688,FALSE,250.646,251.301925,252.442,252.50185,252.96565,255.7958,10,2.6414354,8.58331147816708,8.37771610201827
"Dcast: n_long=1,000,000, 1 id + 10000 lvl","pandas",1000000,1,10000,10,0.2876729,FALSE,248.9796,268.92535,275.31377,282.7358,283.49555,292.2626,10,2.6292871,9.36097734187835,9.38084320680033
"Dcast: n_long=1,000,000, 1 id + 10000 lvl","dask",1000000,1,10000,10,0.4509882,FALSE,327.5181,369.076025,367.61414,370.0478,371.806575,384.3906,10,2.5988606,12.4992935700023,12.2777532623085
"Dcast: n_long=1,000,000, 1 id + 10000 lvl","polars",1000000,1,10000,5,1.3355513,FALSE,1303.4013,1319.6593,1350.57478,1349.7126,1376.4071,1403.6936,5,1.2748419,45.9210591395132,44.7818856856571
"Dcast: n_long=1,000,000, 1 id + 10000 lvl","duckdb",1000000,1,10000,5,7.6945772,FALSE,10998.2987,12798.0768,13596.2118,13835.4719,14167.6345,16181.5771,5,1.3172653,462.286468981116,459.044778149749
"Dcast: n_long=1,000,000, 2 id (1 int + 1 chr) + 10 lvl","dataprep",1000000,2,10,20,0.0096992,FALSE,10.3823,10.5333,10.71152,10.6689,10.814375,11.2656,20,5.479919,1,1
"Dcast: n_long=1,000,000, 2 id (1 int + 1 chr) + 10 lvl","polars",1000000,2,10,15,0.0520442,FALSE,49.393,51.2319,57.7284533333333,55.5093,57.81315,75.2941,15,3.7275019,5.38938015644216,5.20290751623879
"Dcast: n_long=1,000,000, 2 id (1 int + 1 chr) + 10 lvl","tidyr",1000000,2,10,10,0.124974,FALSE,109.4595,109.951275,116.76835,114.8559,124.428575,125.3736,10,2.4451213,10.9011932946958,10.7654866012429
"Dcast: n_long=1,000,000, 2 id (1 int + 1 chr) + 10 lvl","data.table",1000000,2,10,10,0.1974688,FALSE,186.4013,189.038425,195.91464,192.32995,203.648625,210.5854,10,2.8124844,18.2900876813001,18.027158376215
"Dcast: n_long=1,000,000, 2 id (1 int + 1 chr) + 10 lvl","pandas",1000000,2,10,10,0.4044345,FALSE,365.9764,366.17735,367.46424,366.5466,366.905975,374.7655,10,2.5965422,34.3055177976608,34.356550347271
"Dcast: n_long=1,000,000, 2 id (1 int + 1 chr) + 10 lvl","reshape2",1000000,2,10,10,0.4141797,FALSE,375.1469,377.324875,401.84212,377.87185,378.236475,607.582,10,2.6313066,37.5149483920116,35.4180702790353
"Dcast: n_long=1,000,000, 2 id (1 int + 1 chr) + 10 lvl","dask",1000000,2,10,10,0.5528637,FALSE,484.4312,485.219075,487.12808,485.56485,488.386275,494.1206,10,2.5815818,45.4770266031338,45.5121755757388
"Dcast: n_long=1,000,000, 2 id (1 int + 1 chr) + 10 lvl","duckdb",1000000,2,10,10,0.648823,FALSE,636.6052,661.681875,697.31695,720.09305,722.753875,728.9579,10,2.661877,65.0997197409891,67.4945917573508
"Dcast: n_long=1,000,000, 10 id (5 int + 5 chr) + 10 lvl","dataprep",1000000,10,10,15,0.0150671,FALSE,16.2172,16.2933,16.3916533333333,16.3807,16.4628,16.5903,15,4.3205654,1,1
"Dcast: n_long=1,000,000, 10 id (5 int + 5 chr) + 10 lvl","polars",1000000,10,10,15,0.0610003,FALSE,56.3268,59.55215,66.01518,61.9961,71.7578,82.4134,15,3.8759068,4.02736555352562,3.78470395038063
"Dcast: n_long=1,000,000, 10 id (5 int + 5 chr) + 10 lvl","tidyr",1000000,10,10,10,0.1899142,FALSE,164.5539,186.494075,187.89141,187.5206,189.879225,216.4823,10,2.9436175,11.4626271175411,11.4476548621243
"Dcast: n_long=1,000,000, 10 id (5 int + 5 chr) + 10 lvl","data.table",1000000,10,10,10,0.3133803,FALSE,318.3,324.856725,326.74686,326.6255,328.090925,335.9424,10,2.8684071,19.9337341606379,19.9396545935155
"Dcast: n_long=1,000,000, 10 id (5 int + 5 chr) + 10 lvl","pandas",1000000,10,10,10,0.989228,FALSE,863.9223,865.499575,875.16586,869.21515,871.073725,934.7631,10,2.6230884,53.3909449036664,53.0633703077402
"Dcast: n_long=1,000,000, 10 id (5 int + 5 chr) + 10 lvl","dask",1000000,10,10,5,1.1870809,FALSE,1105.8879,1108.0086,1109.8039,1109.7887,1112.1026,1113.2317,5,1.3143635,67.7054277217511,67.7497725982406
"Dcast: n_long=1,000,000, 10 id (5 int + 5 chr) + 10 lvl","duckdb",1000000,10,10,5,1.8622982,FALSE,1827.5632,2021.3648,2012.13018,2045.4642,2081.1624,2085.0963,5,1.3341761,122.753339097785,124.870377944776
"Dcast: n_long=1,000,000, 10 id (5 int + 5 chr) + 10 lvl","reshape2",1000000,10,10,5,3.0230191,FALSE,2680.5776,2683.1077,2687.39052,2684.2813,2689.2785,2699.7075,5,1.6098468,163.948716175875,163.868534311721
"Dcast: n_long=1,000,000, 100 id (50 int + 50 chr) + 10 lvl","dataprep",1000000,100,10,15,0.0768877,FALSE,75.6299,75.9663,76.2795,76.1214,76.53535,77.0302,15,6.5998116,1,1
"Dcast: n_long=1,000,000, 100 id (50 int + 50 chr) + 10 lvl","polars",1000000,100,10,10,0.1478428,FALSE,141.2544,146.35605,198.45458,197.0618,249.14105,264.6055,10,3.7522379,2.60167646615408,2.58878318055107
"Dcast: n_long=1,000,000, 100 id (50 int + 50 chr) + 10 lvl","tidyr",1000000,100,10,10,0.8170451,FALSE,701.532,706.63355,740.78725,725.5182,759.9548,823.8864,10,4.3416795,9.71148539253666,9.5310674790532
"Dcast: n_long=1,000,000, 100 id (50 int + 50 chr) + 10 lvl","data.table",1000000,100,10,10,0.9489457,FALSE,962.009,991.40365,1002.28677,1003.7836,1014.480875,1040.547,10,4.6496833,13.1396609836195,13.1866150648832
"Dcast: n_long=1,000,000, 100 id (50 int + 50 chr) + 10 lvl","pandas",1000000,100,10,5,6.8038602,FALSE,6624.0807,6639.0684,6652.29202,6648.9937,6666.5458,6682.7715,5,1.9162112,87.2094339894729,87.3472334980702
"Dcast: n_long=1,000,000, 100 id (50 int + 50 chr) + 10 lvl","dask",1000000,100,10,5,9.001122,FALSE,8228.9813,8252.5365,8254.60014,8258.5819,8262.3186,8270.5824,5,1.9403789,108.21518415826,108.492249222952
"Dcast: n_long=1,000,000, 100 id (50 int + 50 chr) + 10 lvl","duckdb",1000000,100,10,1,16.3948918,FALSE,15421.5475,15421.5475,15421.5475,15421.5475,15421.5475,15421.5475,1,0.3923405,202.171586074896,202.59148544299
"Dcast: n_long=1,000,000, 100 id (50 int + 50 chr) + 10 lvl","reshape2",1000000,100,10,1,25.1465541,FALSE,23604.9252,23604.9252,23604.9252,23604.9252,23604.9252,23604.9252,1,0.521186,309.453066682398,310.095783840024
"Dcast: n_long=10,000, 1 id + 100 lvl","dataprep",10000,1,100,20,0.0005439,FALSE,0.4871,0.50115,0.51373,0.5081,0.520825,0.5616,20,4.8982456,1,1
"Dcast: n_long=10,000, 1 id + 100 lvl","reshape2",10000,1,100,20,0.005161,FALSE,4.8233,4.8979,4.959945,4.93845,5.02205,5.1528,20,4.937091,9.65477001537773,9.71944499114347
"Dcast: n_long=10,000, 1 id + 100 lvl","pandas",10000,1,100,20,0.0063135,FALSE,5.3816,5.424075,5.519215,5.5213,5.62135,5.7009,20,4.8478583,10.743415802075,10.8665617004527
"Dcast: n_long=10,000, 1 id + 100 lvl","tidyr",10000,1,100,20,0.0082093,FALSE,7.8083,7.9166,8.08814,8.1041,8.122975,9.1089,20,5.005134,15.7439511027193,15.9498130289313
"Dcast: n_long=10,000, 1 id + 100 lvl","data.table",10000,1,100,15,0.0146837,FALSE,7.7186,8.27715,8.60844,8.6369,8.90035,9.6952,15,3.90703,16.7567399217488,16.99842550679
"Dcast: n_long=10,000, 1 id + 100 lvl","polars",10000,1,100,10,0.1573519,FALSE,8.8961,9.347375,9.88311,9.6941,10.399075,11.671,10,2.60935,19.2379460027641,19.0791182838024
"Dcast: n_long=10,000, 1 id + 100 lvl","dask",10000,1,100,15,0.0243558,FALSE,16.9125,17.4844,18.7100066666667,19.502,19.73025,20.099,15,3.9885031,36.419922267858,38.382208226727
"Dcast: n_long=10,000, 1 id + 100 lvl","duckdb",10000,1,100,15,0.0969348,FALSE,92.9865,93.70725,94.9384266666667,94.9036,96.0483,97.1987,15,4.1543078,184.802185324327,186.781342255462
"Dcast: n_long=100,000, 1 id + 100 lvl","dataprep",100000,1,100,20,0.0007456,FALSE,0.7449,0.7946,0.83755,0.8091,0.853725,1.0917,20,5.3908524,1,1
"Dcast: n_long=100,000, 1 id + 100 lvl","polars",100000,1,100,15,0.0157477,FALSE,11.6616,12.66425,13.2913666666667,13.2812,13.63175,14.9269,15,4.3891038,15.8693411338627,16.4147818563836
"Dcast: n_long=100,000, 1 id + 100 lvl","tidyr",100000,1,100,15,0.0191208,FALSE,16.4034,16.47845,17.53666,16.5342,18.71275,19.1506,15,3.659547,20.9380454898215,20.4352984797924
"Dcast: n_long=100,000, 1 id + 100 lvl","reshape2",100000,1,100,15,0.0403616,FALSE,33.3625,33.6929,34.40534,33.7711,34.0061,38.9304,15,4.0902761,41.0785505342965,41.7390928191818
"Dcast: n_long=100,000, 1 id + 100 lvl","pandas",100000,1,100,15,0.0387373,FALSE,37.4056,37.64265,37.75124,37.706,37.86885,38.1346,15,4.0263804,45.073416512447,46.6023977258683
"Dcast: n_long=100,000, 1 id + 100 lvl","data.table",100000,1,100,15,0.0444184,FALSE,38.8173,40.82515,41.5198733333333,41.1829,42.10455,44.5332,15,4.073472,49.5730085766024,50.8996415770609
"Dcast: n_long=100,000, 1 id + 100 lvl","dask",100000,1,100,15,0.0820941,FALSE,62.0625,62.2388,63.69218,62.3848,62.54345,71.7457,15,3.9340313,76.0458241299027,77.1039426523297
"Dcast: n_long=100,000, 1 id + 100 lvl","duckdb",100000,1,100,10,0.3045606,FALSE,288.3813,297.752725,303.78486,301.87225,304.297725,337.7401,10,2.690252,362.706536923169,373.096341614139
"Dcast: n_long=10,000,000, 1 id + 100 lvl","dataprep",10000000,1,100,15,0.0347346,FALSE,35.1322,38.8038,38.5271133333333,39.1096,39.39455,39.8584,15,4.7817122,1,1
"Dcast: n_long=10,000,000, 1 id + 100 lvl","polars",10000000,1,100,10,0.7487535,FALSE,744.4178,778.542325,814.5294,816.24205,854.7843,891.2859,10,2.6949888,21.1417188968392,20.8706315073537
"Dcast: n_long=10,000,000, 1 id + 100 lvl","data.table",10000000,1,100,5,1.0977196,FALSE,1069.2688,1079.1583,1100.5045,1088.2316,1125.2592,1140.6046,5,1.6976651,28.5644161938251,27.8251784728046
"Dcast: n_long=10,000,000, 1 id + 100 lvl","tidyr",10000000,1,100,5,1.3933783,FALSE,1358.4756,1359.0654,1359.99894,1360.4726,1360.7631,1361.218,5,1.6278989,35.299788183802,34.7861548059811
"Dcast: n_long=10,000,000, 1 id + 100 lvl","pandas",10000000,1,100,5,2.643664,FALSE,2314.6739,2317.1008,2337.31666,2320.2378,2361.5265,2373.0443,5,1.3551221,60.666799502411,59.3265540941355
"Dcast: n_long=10,000,000, 1 id + 100 lvl","dask",10000000,1,100,5,3.7418444,FALSE,3005.8251,3013.7568,3014.87068,3017.6874,3017.9267,3019.1574,5,1.3759887,78.2532201132121,77.1597612862315
"Dcast: n_long=10,000,000, 1 id + 100 lvl","reshape2",10000000,1,100,5,3.6018566,FALSE,3032.4797,3035.7096,3197.6417,3256.5319,3309.6993,3353.788,5,1.7674762,82.9971784372806,83.2668168429235
"Dcast: n_long=10,000,000, 1 id + 100 lvl","duckdb",10000000,1,100,5,7.2207409,FALSE,7327.156,7436.2502,7495.30992,7504.4535,7540.2986,7668.3913,5,1.4682717,194.546366740514,191.882645181746
"Dcast: n_long=100,000,000, 1 id + 100 lvl","dataprep",100000000,1,100,10,0.103613,FALSE,104.8542,105.187775,107.28732,105.47575,108.00175,114.6049,10,6.0046051,1,1
"Dcast: n_long=100,000,000, 1 id + 100 lvl","polars",100000000,1,100,5,6.3072071,FALSE,5951.9987,6043.3048,6222.50478,6316.9987,6324.8751,6475.3466,5,2.7919512,57.9985107280152,59.8905312358528
"Dcast: n_long=100,000,000, 1 id + 100 lvl","tidyr",100000000,1,100,1,14.1245622,FALSE,14245.5991,14245.5991,14245.5991,14245.5991,14245.5991,14245.5991,1,0.7343161,132.779895145111,135.060420049158
"Dcast: n_long=100,000,000, 1 id + 100 lvl","data.table",100000000,1,100,1,14.6872219,FALSE,14715.7721,14715.7721,14715.7721,14715.7721,14715.7721,14715.7721,1,0.7883786,137.162267637965,139.518060786484
"Dcast: n_long=100,000,000, 1 id + 100 lvl","reshape2",100000000,1,100,1,24.5301239,FALSE,23690.5836,23690.5836,23690.5836,23690.5836,23690.5836,23690.5836,1,0.7298229,220.814385148217,224.606922444259
"Dcast: n_long=100,000,000, 1 id + 100 lvl","pandas",100000000,1,100,1,27.1609613,FALSE,25843.6247,25843.6247,25843.6247,25843.6247,25843.6247,25843.6247,1,0.5033484,240.882377339652,245.019586966672
"Dcast: n_long=100,000,000, 1 id + 100 lvl","dask",100000000,1,100,1,40.1503611,FALSE,33050.6649,33050.6649,33050.6649,33050.6649,33050.6649,33050.6649,1,0.4649457,308.057512295022,313.348470145981
"Dcast: n_long=100,000,000, 1 id + 100 lvl","duckdb",100000000,1,100,1,81.8272257,FALSE,85804.8338,85804.8338,85804.8338,85804.8338,85804.8338,85804.8338,1,0.5195782,799.766773930041,813.502950204194
