"label","tool","n_rows","n_cols","n_id","n_val","times","first_run_sec","skipped","min","lq","mean","median","uq","max","neval","gc_sec","relative_mean","relative_median"
"Melt: rows=1,000, 1 id + 9 val","dataprep",1000,10,1,9,20,0.0002886,FALSE,0.2744,0.28,0.285985,0.2833,0.2899,0.3087,20,4.762541,1,1
"Melt: rows=1,000, 1 id + 9 val","data.table",1000,10,1,9,20,0.0004488,FALSE,0.4225,0.435225,0.4676,0.4519,0.46945,0.7174,20,4.8309382,1.63505078937706,1.5951288386869
"Melt: rows=1,000, 1 id + 9 val","polars",1000,10,1,9,20,0.0006065,FALSE,0.4684,0.498025,0.527905,0.51405,0.55445,0.6413,20,5.0679193,1.84591849222861,1.81450758912813
"Melt: rows=1,000, 1 id + 9 val","reshape2",1000,10,1,9,20,0.0018854,FALSE,0.5935,0.6299,0.64698,0.6448,0.660125,0.7456,20,5.0067877,2.26228648355683,2.27603247440875
"Melt: rows=1,000, 1 id + 9 val","pandas",1000,10,1,9,20,0.0034947,FALSE,3.2575,3.272825,3.365265,3.2835,3.2939,4.8905,20,4.735937,11.7672780040911,11.590187080833
"Melt: rows=1,000, 1 id + 9 val","tidyr",1000,10,1,9,20,0.004078,FALSE,3.9327,3.976025,4.0481,3.99665,4.044275,4.3908,20,4.7548214,14.1549381960592,14.1074832333216
"Melt: rows=1,000, 1 id + 9 val","duckdb",1000,10,1,9,20,0.009257,FALSE,7.3931,7.555875,8.201295,7.7512,8.929175,9.5908,20,5.1878072,28.677360700736,27.3603953406283
"Melt: rows=1,000, 1 id + 9 val","dask",1000,10,1,9,15,0.0290989,FALSE,27.004,27.472,28.149,27.941,28.3961,31.3981,15,4.1217746,98.428239243317,98.6268972820332
"Melt: rows=10,000, 1 id + 9 val","dataprep",10000,10,1,9,20,0.0005559,FALSE,0.5042,0.507975,0.52857,0.51485,0.5186,0.7536,20,4.8813038,1,1
"Melt: rows=10,000, 1 id + 9 val","data.table",10000,10,1,9,20,0.0007581,FALSE,0.7077,0.7277,0.73799,0.7389,0.75005,0.7633,20,4.9779626,1.3962010708137,1.43517529377489
"Melt: rows=10,000, 1 id + 9 val","polars",10000,10,1,9,20,0.001321,FALSE,0.6941,0.729325,0.84868,0.83075,0.8455,1.2044,20,5.1293128,1.60561515031122,1.61357676993299
"Melt: rows=10,000, 1 id + 9 val","reshape2",10000,10,1,9,20,0.0011272,FALSE,0.87,0.889975,0.963485,0.95705,0.99785,1.2878,20,5.1665543,1.82281438598483,1.85889093910848
"Melt: rows=10,000, 1 id + 9 val","tidyr",10000,10,1,9,20,0.0052302,FALSE,4.9272,5.0064,5.10579,5.05895,5.233575,5.3572,20,4.9684213,9.65962880980759,9.82606584442071
"Melt: rows=10,000, 1 id + 9 val","pandas",10000,10,1,9,20,0.0078572,FALSE,4.9186,5.171075,5.549655,5.6221,5.873325,6.3599,20,5.0428589,10.4993756739883,10.9198795765757
"Melt: rows=10,000, 1 id + 9 val","duckdb",10000,10,1,9,15,0.0247352,FALSE,20.6638,23.2042,23.3309133333333,23.4746,23.5687,24.9646,15,3.9535073,44.1396850622119,45.5950276779645
"Melt: rows=10,000, 1 id + 9 val","dask",10000,10,1,9,15,0.0310185,FALSE,28.1087,28.6549,28.9667266666667,28.9869,29.1372,30.2131,15,3.9756219,54.8020634290003,56.3016412547344
"Melt: rows=100,000, 1 id + 9 val","dataprep",100000,10,1,9,20,0.0026278,FALSE,2.6013,2.618725,2.689585,2.6434,2.71185,2.9034,20,4.8540121,1,1
"Melt: rows=100,000, 1 id + 9 val","polars",100000,10,1,9,20,0.0053041,FALSE,2.6587,2.8684,3.343575,2.9023,3.207525,5.4402,20,5.1487524,1.24315647209514,1.09794204433684
"Melt: rows=100,000, 1 id + 9 val","reshape2",100000,10,1,9,20,0.003227,FALSE,3.2108,3.25395,3.36579,3.30715,3.4423,3.8442,20,4.959663,1.25141611066391,1.25109707195279
"Melt: rows=100,000, 1 id + 9 val","data.table",100000,10,1,9,20,0.003463,FALSE,3.101,3.3495,3.36801,3.3977,3.436825,3.6082,20,5.0520607,1.25224151681393,1.28535219792691
"Melt: rows=100,000, 1 id + 9 val","tidyr",100000,10,1,9,15,0.0198708,FALSE,16.4839,16.67005,16.85974,16.7063,16.72975,19.1507,15,3.7580393,6.26852841609393,6.32000453960808
"Melt: rows=100,000, 1 id + 9 val","pandas",100000,10,1,9,15,0.0237328,FALSE,22.1137,22.337,22.5161933333333,22.4361,22.5562,23.4575,15,3.6710632,8.37162362718908,8.48759173791329
"Melt: rows=100,000, 1 id + 9 val","dask",100000,10,1,9,15,0.0512845,FALSE,42.7419,43.7411,44.8935,44.3021,45.7866,48.2481,15,3.9834502,16.6916085567104,16.7595142619354
"Melt: rows=100,000, 1 id + 9 val","duckdb",100000,10,1,9,10,0.1850894,FALSE,178.7972,179.11585,180.02759,179.58565,180.2544,182.4783,10,2.740258,66.9350810626918,67.9373723235227
"Melt: rows=1,000,000, 1 id + 9 val","dataprep",1000000,10,1,9,15,0.010163,FALSE,10.0742,10.3574,10.5151466666667,10.5519,10.6573,10.8982,15,3.6892808,1,1
"Melt: rows=1,000,000, 1 id + 9 val","polars",1000000,10,1,9,15,0.0427531,FALSE,16.249,16.4335,21.7212066666667,16.8612,20.54605,43.9958,15,3.7136702,2.06570648562835,1.59793023057459
"Melt: rows=1,000,000, 1 id + 9 val","data.table",1000000,10,1,9,15,0.0237555,FALSE,23.4433,23.7781,24.2091666666667,23.9427,24.1984,26.5799,15,3.8083495,2.30231374170086,2.2690415944048
"Melt: rows=1,000,000, 1 id + 9 val","reshape2",1000000,10,1,9,15,0.0261979,FALSE,23.7944,26.03095,26.19734,26.421,26.7662,28.0333,15,4.0035716,2.49139083176523,2.50390924857135
"Melt: rows=1,000,000, 1 id + 9 val","tidyr",1000000,10,1,9,10,0.1594693,FALSE,156.7981,157.882775,160.78521,158.8844,163.67925,169.8244,10,2.7222079,15.2908195289081,15.0574209384092
"Melt: rows=1,000,000, 1 id + 9 val","dask",1000000,10,1,9,10,0.2415342,FALSE,175.2011,178.927725,181.21773,180.5506,183.406975,187.6035,10,2.6698204,17.2339707418885,17.1107193965068
"Melt: rows=1,000,000, 1 id + 9 val","pandas",1000000,10,1,9,10,0.198735,FALSE,183.9862,205.097075,214.68276,212.4653,232.674775,240.556,10,2.5815145,20.4165254946515,20.1352647390517
"Melt: rows=1,000,000, 1 id + 9 val","duckdb",1000000,10,1,9,5,1.6059909,FALSE,1410.7197,1419.0072,1537.79114,1610.482,1616.1438,1632.603,5,1.2973814,146.245334349434,152.624835337712
"Melt: rows=10,000,000, 1 id + 9 val","dataprep",10000000,10,1,9,15,0.0743066,FALSE,73.4015,74.19605,77.0080533333333,75.9957,78.99815,84.0135,15,4.7173441,1,1
"Melt: rows=10,000,000, 1 id + 9 val","polars",10000000,10,1,9,10,0.4710865,FALSE,164.4129,191.93145,275.12028,244.1598,304.266625,556.1986,10,2.925659,3.57261699382437,3.21281072481733
"Melt: rows=10,000,000, 1 id + 9 val","reshape2",10000000,10,1,9,10,0.2439211,FALSE,240.1586,244.218075,245.86145,245.8667,246.937975,253.1597,10,3.01683,3.19267192660716,3.23527120613403
"Melt: rows=10,000,000, 1 id + 9 val","data.table",10000000,10,1,9,10,0.2415896,FALSE,244.4161,244.80435,247.90993,246.5335,251.23375,252.9358,10,3.013495,3.21927278082085,3.24404538677846
"Melt: rows=10,000,000, 1 id + 9 val","dask",10000000,10,1,9,5,2.3133343,FALSE,1489.2665,1489.2786,1499.58334,1495.9804,1511.0365,1512.3547,5,1.7396229,19.4730716475714,19.6850663919143
"Melt: rows=10,000,000, 1 id + 9 val","tidyr",10000000,10,1,9,5,1.5604818,FALSE,1544.0134,1557.6946,1561.95954,1561.5868,1565.1932,1581.3097,5,2.380599,20.2830674506078,20.5483573412706
"Melt: rows=10,000,000, 1 id + 9 val","pandas",10000000,10,1,9,5,2.2733888,FALSE,1786.4595,1924.2939,1925.93058,1941.632,1970.9692,2006.2983,5,1.4226311,25.0094697455019,25.5492350225079
"Melt: rows=10,000,000, 1 id + 9 val","duckdb",10000000,10,1,9,1,14.09754,FALSE,14517.3372,14517.3372,14517.3372,14517.3372,14517.3372,14517.3372,1,0.2328537,188.517129983288,191.028402922797
"Melt: rows=100,000,000, 1 id + 9 val","dataprep",100000000,10,1,9,10,0.906419,FALSE,776.9667,900.2908,935.14821,961.4149,981.8758,1011.8358,10,8.8136213,1,1
"Melt: rows=100,000,000, 1 id + 9 val","data.table",100000000,10,1,9,5,2.8465695,FALSE,2465.7653,2500.7964,2534.49064,2548.5002,2557.6481,2599.7432,5,3.5399473,2.71025556473022,2.65078084394157
"Melt: rows=100,000,000, 1 id + 9 val","reshape2",100000000,10,1,9,5,2.7127227,FALSE,2490.0539,2497.0338,2636.1863,2588.2023,2608.5553,2997.0862,5,3.7483975,2.81900373845553,2.6920763345773
"Melt: rows=100,000,000, 1 id + 9 val","polars",100000000,10,1,9,5,4.7177106,FALSE,4229.2264,4244.8471,4263.38986,4258.9461,4268.1421,4315.7876,5,5.6223074,4.55905258055298,4.42987320042575
"Melt: rows=100,000,000, 1 id + 9 val","dask",100000000,10,1,9,1,22.3511853,FALSE,14714.8229,14714.8229,14714.8229,14714.8229,14714.8229,14714.8229,1,0.2318413,15.7352842497554,15.3053826188881
"Melt: rows=100,000,000, 1 id + 9 val","tidyr",100000000,10,1,9,1,15.6342285,FALSE,16599.644,16599.644,16599.644,16599.644,16599.644,16599.644,1,1.8649931,17.7508162048452,17.2658484905944
"Melt: rows=100,000,000, 1 id + 9 val","pandas",100000000,10,1,9,1,20.1797878,FALSE,19578.2828,19578.2828,19578.2828,19578.2828,19578.2828,19578.2828,1,0.2304962,20.9360212537861,20.364030971436
"Melt: rows=100,000,000, 1 id + 9 val","duckdb",100000000,10,1,9,1,154.2649502,FALSE,148009.5286,148009.5286,148009.5286,148009.5286,148009.5286,148009.5286,1,0.2501841,158.27387254476,153.949692895336
"Melt: rows=1,000, 10 id (5 int + 5 chr) + 9 val","dataprep",1000,19,10,9,20,0.0005877,FALSE,0.5518,0.56105,0.56969,0.56465,0.57145,0.6252,20,4.7074112,1,1
"Melt: rows=1,000, 10 id (5 int + 5 chr) + 9 val","data.table",1000,19,10,9,20,0.0010326,FALSE,0.8594,0.886775,0.94711,0.94335,0.983225,1.0958,20,4.931088,1.66250065825273,1.67068095280262
"Melt: rows=1,000, 10 id (5 int + 5 chr) + 9 val","reshape2",1000,19,10,9,20,0.0017853,FALSE,1.107,1.140175,1.20604,1.16135,1.264225,1.5596,20,4.8246403,2.11701100598571,2.05676082529
"Melt: rows=1,000, 10 id (5 int + 5 chr) + 9 val","polars",1000,19,10,9,20,0.0016281,FALSE,1.0584,1.196875,1.266255,1.233,1.327175,1.5756,20,4.9408872,2.22270884165072,2.18365359071991
"Melt: rows=1,000, 10 id (5 int + 5 chr) + 9 val","tidyr",1000,19,10,9,20,0.0050591,FALSE,4.4223,4.49105,4.695105,4.5339,4.97785,5.1522,20,4.7701684,8.24150853973213,8.02957584344284
"Melt: rows=1,000, 10 id (5 int + 5 chr) + 9 val","pandas",1000,19,10,9,15,0.0118772,FALSE,11.1094,11.3566,11.3744066666667,11.3968,11.4401,11.6334,15,3.5515632,19.9659580941682,20.1838306915789
"Melt: rows=1,000, 10 id (5 int + 5 chr) + 9 val","duckdb",1000,19,10,9,15,0.0243555,FALSE,19.6494,19.9232,21.3737933333333,20.0058,23.32205,24.5167,15,3.8252731,37.5182877237328,35.4304436376516
"Melt: rows=1,000, 10 id (5 int + 5 chr) + 9 val","dask",1000,19,10,9,15,0.09803,FALSE,96.5307,97.41015,98.3254133333333,97.826,98.84305,104.2574,15,4.0184034,172.594592380651,173.250686265828
"Melt: rows=10,000, 10 id (5 int + 5 chr) + 9 val","dataprep",10000,19,10,9,20,0.0017032,FALSE,1.6884,1.7021,1.70639,1.70575,1.713475,1.7191,20,4.8204675,1,1
"Melt: rows=10,000, 10 id (5 int + 5 chr) + 9 val","polars",10000,19,10,9,20,0.0021219,FALSE,1.5808,1.7345,2.073765,1.8723,2.065475,3.8292,20,5.2363537,1.21529369018806,1.09764033416386
"Melt: rows=10,000, 10 id (5 int + 5 chr) + 9 val","data.table",10000,19,10,9,20,0.0039101,FALSE,3.5115,3.5507,3.62977,3.5737,3.744725,3.9331,20,4.8949839,2.12716319247065,2.09509013630368
"Melt: rows=10,000, 10 id (5 int + 5 chr) + 9 val","reshape2",10000,19,10,9,20,0.0065528,FALSE,4.6231,4.67745,4.9854,4.82725,4.97895,6.4749,20,4.9454984,2.92160643229274,2.82998680932141
"Melt: rows=10,000, 10 id (5 int + 5 chr) + 9 val","tidyr",10000,19,10,9,20,0.0084773,FALSE,8.1644,8.2231,8.50889,8.42615,8.7465,9.346,20,4.8583504,4.98648609051858,4.93985050564268
"Melt: rows=10,000, 10 id (5 int + 5 chr) + 9 val","pandas",10000,19,10,9,15,0.0153861,FALSE,14.6429,14.87815,14.9118,14.909,14.9507,15.1595,15,3.6416541,8.73879945381771,8.74043675802433
"Melt: rows=10,000, 10 id (5 int + 5 chr) + 9 val","dask",10000,19,10,9,10,0.1072434,FALSE,102.4794,103.460025,103.95343,103.71795,104.4125,106.0754,10,2.7298455,60.9200886081142,60.8048952073868
"Melt: rows=10,000, 10 id (5 int + 5 chr) + 9 val","duckdb",10000,19,10,9,10,0.1259548,FALSE,104.3299,105.37115,114.45147,114.16505,122.637425,126.3204,10,2.3321118,67.0722812487181,66.9295324637256
"Melt: rows=100,000, 10 id (5 int + 5 chr) + 9 val","polars",100000,19,10,9,15,0.011431,FALSE,5.6476,6.5147,9.37219333333333,7.2174,7.9944,24.3456,15,3.9516176,1,1
"Melt: rows=100,000, 10 id (5 int + 5 chr) + 9 val","dataprep",100000,19,10,9,15,0.0138194,FALSE,13.5945,13.8362,13.9685733333333,13.8592,13.91705,14.9652,15,3.8423349,1.49042735638545,1.92024828885748
"Melt: rows=100,000, 10 id (5 int + 5 chr) + 9 val","data.table",100000,19,10,9,15,0.0276666,FALSE,27.3431,27.7964,27.97352,27.9337,28.028,29.3171,15,3.9372679,2.98473569687352,3.87032726466595
"Melt: rows=100,000, 10 id (5 int + 5 chr) + 9 val","reshape2",100000,19,10,9,15,0.0447607,FALSE,37.5262,37.8245,38.70602,38.3124,38.922,43.4104,15,4.0044723,4.1298785271893,5.30833818272508
"Melt: rows=100,000, 10 id (5 int + 5 chr) + 9 val","pandas",100000,19,10,9,15,0.0475984,FALSE,43.4554,44.01145,44.3241933333333,44.1253,44.50165,45.51,15,3.7830001,4.72932981180499,6.11373901959154
"Melt: rows=100,000, 10 id (5 int + 5 chr) + 9 val","tidyr",100000,19,10,9,15,0.0452943,FALSE,45.0746,45.34375,45.7783533333333,45.3831,46.2634,47.6858,15,3.9818808,4.88448666231811,6.28801230359963
"Melt: rows=100,000, 10 id (5 int + 5 chr) + 9 val","dask",100000,19,10,9,10,0.1444297,FALSE,131.108,131.595525,134.84661,133.1874,134.340725,152.0784,10,2.6587394,14.3879458312497,18.4536536702968
"Melt: rows=100,000, 10 id (5 int + 5 chr) + 9 val","duckdb",100000,19,10,9,5,1.0239833,FALSE,1001.8512,1001.9911,1007.72572,1002.8171,1010.8928,1021.0764,5,1.2211175,107.522933443541,138.944370548951
"Melt: rows=1,000,000, 10 id (5 int + 5 chr) + 9 val","polars",1000000,19,10,9,15,0.093715,FALSE,59.8127,65.60645,92.3409,70.3321,88.00775,200.9412,15,4.1017135,1.00325607783934,1
"Melt: rows=1,000,000, 10 id (5 int + 5 chr) + 9 val","dataprep",1000000,19,10,9,15,0.0864505,FALSE,86.0719,88.18605,92.0412066666667,92.4815,94.32955,99.5534,15,5.4034133,1,1.31492590154424
"Melt: rows=1,000,000, 10 id (5 int + 5 chr) + 9 val","data.table",1000000,19,10,9,10,0.2756124,FALSE,271.9413,272.1335,272.7654,272.1944,273.6246,274.1602,10,3.4597414,2.96351395074424,3.870130424088
"Melt: rows=1,000,000, 10 id (5 int + 5 chr) + 9 val","pandas",1000000,19,10,9,10,0.3413871,FALSE,311.9963,314.10095,323.33451,318.28445,332.564475,341.1344,10,2.6327335,3.51293210627906,4.52545068325843
"Melt: rows=1,000,000, 10 id (5 int + 5 chr) + 9 val","dask",1000000,19,10,9,10,0.4648314,FALSE,363.8852,367.93285,371.43993,370.75375,373.45345,384.8724,10,2.9007081,4.03558301169599,5.27147276990165
"Melt: rows=1,000,000, 10 id (5 int + 5 chr) + 9 val","reshape2",1000000,19,10,9,10,0.4335523,FALSE,370.7592,371.936025,392.0495,375.13355,416.5525,445.2684,10,3.5550907,4.25949978491518,5.33374589980962
"Melt: rows=1,000,000, 10 id (5 int + 5 chr) + 9 val","tidyr",1000000,19,10,9,10,0.4461491,FALSE,423.8482,440.011125,444.40293,440.98115,444.062775,487.4739,10,3.6395123,4.82830404005279,6.26998411820492
"Melt: rows=1,000,000, 10 id (5 int + 5 chr) + 9 val","duckdb",1000000,19,10,9,1,10.1012922,FALSE,9545.3637,9545.3637,9545.3637,9545.3637,9545.3637,9545.3637,1,0.2628569,103.707502820657,135.718451460997
"Melt: rows=10,000,000, 10 id (5 int + 5 chr) + 9 val","dataprep",10000000,19,10,9,10,0.8740305,FALSE,817.4208,835.564375,857.9425,849.1267,885.2184,906.6771,10,12.7917376,1,1
"Melt: rows=10,000,000, 10 id (5 int + 5 chr) + 9 val","polars",10000000,19,10,9,5,1.1480305,FALSE,685.444,945.9346,965.5149,1003.2251,1043.8386,1149.1322,5,3.0777272,1.1253841603604,1.18147868863386
"Melt: rows=10,000,000, 10 id (5 int + 5 chr) + 9 val","dask",10000000,19,10,9,5,3.4868626,FALSE,2666.7726,2669.1244,2710.99642,2697.1507,2749.1588,2772.7756,5,2.6546337,3.15988125078312,3.17638192274486
"Melt: rows=10,000,000, 10 id (5 int + 5 chr) + 9 val","data.table",10000000,19,10,9,5,2.7758354,FALSE,2710.5677,2716.5089,2867.50718,2721.6752,3040.1217,3148.6624,5,6.1500063,3.34230694947505,3.20526394942003
"Melt: rows=10,000,000, 10 id (5 int + 5 chr) + 9 val","pandas",10000000,19,10,9,5,3.2860546,FALSE,3147.9163,3219.1005,3213.33732,3222.4867,3233.0492,3244.1339,5,2.3082506,3.74539939448156,3.79505991273152
"Melt: rows=10,000,000, 10 id (5 int + 5 chr) + 9 val","reshape2",10000000,19,10,9,5,5.9359948,FALSE,3688.2201,3693.6825,3974.41102,3696.52,3698.6376,5094.9949,5,5.9333728,4.63249112848472,4.35331971070984
"Melt: rows=10,000,000, 10 id (5 int + 5 chr) + 9 val","tidyr",10000000,19,10,9,5,4.2183202,FALSE,4561.1812,4588.5287,4703.7912,4591.9152,4595.4911,5181.8398,5,6.7834391,5.48264155231848,5.40780922328788
"Melt: rows=10,000,000, 10 id (5 int + 5 chr) + 9 val","duckdb",10000000,19,10,9,1,96.0363445,FALSE,96232.4003,96232.4003,96232.4003,96232.4003,96232.4003,96232.4003,1,0.3996179,112.166491693791,113.331026217878
"Melt: 1e3 rows, 1 id + 10 val","dataprep",1000,11,1,10,20,0.0004615,FALSE,0.4269,0.432875,0.43984,0.43695,0.44035,0.4917,20,4.683423,1,1
"Melt: 1e3 rows, 1 id + 10 val","data.table",1000,11,1,10,20,0.0006398,FALSE,0.5772,0.591225,0.608,0.6043,0.61565,0.6614,20,4.7756288,1.38232084394325,1.38299576610596
"Melt: 1e3 rows, 1 id + 10 val","polars",1000,11,1,10,20,0.0006303,FALSE,0.583,0.5977,0.64227,0.6248,0.639325,0.984,20,5.0608667,1.46023554019644,1.42991188923218
"Melt: 1e3 rows, 1 id + 10 val","reshape2",1000,11,1,10,20,0.000858,FALSE,0.7221,0.757725,0.773275,0.77155,0.784475,0.8786,20,4.7238913,1.75808248453983,1.76576267307472
"Melt: 1e3 rows, 1 id + 10 val","pandas",1000,11,1,10,20,0.00385,FALSE,3.5479,3.563675,3.618365,3.5761,3.60705,3.8414,20,4.7698709,8.22654829028738,8.18423160544685
"Melt: 1e3 rows, 1 id + 10 val","tidyr",1000,11,1,10,20,0.0044421,FALSE,4.0777,4.1152,4.255515,4.1571,4.34165,5.297,20,4.7822681,9.67514323390324,9.51390319258496
"Melt: 1e3 rows, 1 id + 10 val","duckdb",1000,11,1,10,15,0.0107601,FALSE,9.8572,10.07605,31.29806,10.4611,11.0233,322.7297,15,4.1266406,71.1578301200437,23.9411832017393
"Melt: 1e3 rows, 1 id + 10 val","dask",1000,11,1,10,15,0.029289,FALSE,26.809,27.90265,28.3575666666667,28.254,28.8948,29.8523,15,4.6029128,64.4724596823087,64.6618606247854
"Melt: 1e3 rows, 1 id + 100 val","dataprep",1000,101,1,100,20,0.0009497,FALSE,0.9115,0.929025,0.939285,0.9398,0.9493,0.9826,20,4.9534568,1,1
"Melt: 1e3 rows, 1 id + 100 val","polars",1000,101,1,100,5,1.0609876,FALSE,0.9297,0.9702,228.13888,1.0732,1.2712,1136.4501,5,1.2721576,242.885684323714,1.141945094701
"Melt: 1e3 rows, 1 id + 100 val","data.table",1000,101,1,100,20,0.0012628,FALSE,1.1632,1.178025,1.24069,1.2328,1.24665,1.4979,20,5.1614496,1.32088769649254,1.31176846137476
"Melt: 1e3 rows, 1 id + 100 val","reshape2",1000,101,1,100,20,0.0032502,FALSE,2.3703,2.399425,2.50459,2.4481,2.562,3.0667,20,5.0535467,2.66648567793588,2.60491593956161
"Melt: 1e3 rows, 1 id + 100 val","tidyr",1000,101,1,100,20,0.0069455,FALSE,6.0504,6.15805,6.455445,6.33565,6.6818,7.3304,20,5.0385228,6.87272233667098,6.74148755054267
"Melt: 1e3 rows, 1 id + 100 val","pandas",1000,101,1,100,10,0.7654544,FALSE,16.3582,16.438225,16.55476,16.4751,16.58475,16.9543,10,2.5474932,17.6248529466562,17.53043200681
"Melt: 1e3 rows, 1 id + 100 val","duckdb",1000,101,1,100,15,0.057461,FALSE,46.3262,46.53525,47.90134,46.6794,46.9324,56.0186,15,3.8995262,50.9976631160936,49.6695041498191
"Melt: 1e3 rows, 1 id + 100 val","dask",1000,101,1,100,10,0.1132799,FALSE,110.2954,111.0311,112.82371,112.41415,113.480425,118.211,10,2.6553576,120.116588681816,119.614971270483
"Melt: 1e3 rows, 1 id + 1000 val","data.table",1000,1001,1,1000,20,0.0037744,FALSE,3.6774,3.713375,3.787305,3.74355,3.8206,4.0062,20,5.0182378,1,1
"Melt: 1e3 rows, 1 id + 1000 val","dataprep",1000,1001,1,1000,20,0.0040457,FALSE,3.742,3.7923,3.843305,3.8005,3.832775,4.0563,20,4.95355,1.01478623981961,1.01521283273898
"Melt: 1e3 rows, 1 id + 1000 val","polars",1000,1001,1,1000,20,0.0068361,FALSE,3.579,3.80595,4.54985,3.9926,5.50445,6.94,20,5.2255298,1.20134237934362,1.0665277610824
"Melt: 1e3 rows, 1 id + 1000 val","reshape2",1000,1001,1,1000,15,0.0180131,FALSE,15.6885,15.74545,16.23536,15.7745,15.78605,20.2001,15,3.8110988,4.28678440210123,4.21378103671649
"Melt: 1e3 rows, 1 id + 1000 val","tidyr",1000,1001,1,1000,15,0.0236949,FALSE,23.263,23.37205,23.59232,23.501,23.6742,24.6988,15,3.8764386,6.22931609680234,6.27773103070615
"Melt: 1e3 rows, 1 id + 1000 val","pandas",1000,1001,1,1000,10,0.1439585,FALSE,140.9302,141.219125,142.09997,141.60875,143.163625,143.842,10,2.611873,37.5200756210551,37.8273964552363
"Melt: 1e3 rows, 1 id + 1000 val","duckdb",1000,1001,1,1000,10,0.5117808,FALSE,431.6582,431.99895,452.10593,434.328,462.369075,511.5697,10,2.6620033,119.374048300837,116.020355010618
"Melt: 1e3 rows, 1 id + 1000 val","dask",1000,1001,1,1000,10,0.9705344,FALSE,956.4368,959.9744,964.74615,961.36945,970.041375,977.1713,10,2.7699319,254.731570338275,256.80689452525
"Melt: 1e3 rows, 1 id + 10000 val","dataprep",1000,10001,1,10000,15,0.011615,FALSE,11.1395,11.2624,11.56894,11.4156,11.63555,13.1728,15,3.8852284,1,1
"Melt: 1e3 rows, 1 id + 10000 val","polars",1000,10001,1,10000,15,0.0630581,FALSE,29.0927,29.39355,36.4118266666667,30.1203,37.8436,59.9156,15,3.9980706,3.1473779505008,2.63852097130243
"Melt: 1e3 rows, 1 id + 10000 val","data.table",1000,10001,1,10000,15,0.0351904,FALSE,32.9869,33.3702,34.38264,33.6539,35.3998,36.3763,15,4.0314422,2.9719784180746,2.94806230071131
"Melt: 1e3 rows, 1 id + 10000 val","reshape2",1000,10001,1,10000,10,0.1628214,FALSE,157.7059,159.37575,161.64739,162.2714,162.762925,167.7213,10,2.646918,13.9725324878511,14.2148813903781
"Melt: 1e3 rows, 1 id + 10000 val","tidyr",1000,10001,1,10000,10,0.211543,FALSE,202.4031,202.966725,203.57989,203.6552,204.15415,204.6334,10,2.9844036,17.5971082916845,17.8400784890851
"Melt: 1e3 rows, 1 id + 10000 val","pandas",1000,10001,1,10000,5,1.398793,FALSE,1396.4645,1407.0398,1410.47602,1412.1765,1417.268,1419.4313,5,1.317052,121.919209538644,123.705849889625
"Melt: 1e3 rows, 1 id + 10000 val","duckdb",1000,10001,1,10000,5,5.3139174,FALSE,5044.7579,5076.2548,5310.69378,5330.2833,5493.1912,5608.9817,5,1.4892678,459.047568748736,466.929754020814
"Melt: 1e3 rows, 1 id + 10000 val","dask",1000,10001,1,10000,5,9.7648259,FALSE,10111.3859,10177.0559,10333.07982,10215.9912,10567.2793,10593.6868,5,1.4759897,893.174294274151,894.914958477872
"Melt: 1e3 rows, 10 id (5 int + 5 chr) + 10 val","dataprep",1000,20,10,10,20,0.0005402,FALSE,0.5132,0.5364,0.551415,0.5571,0.56525,0.5977,20,5.0271214,1,1
"Melt: 1e3 rows, 10 id (5 int + 5 chr) + 10 val","data.table",1000,20,10,10,20,0.0008978,FALSE,0.8353,0.845,0.887465,0.8718,0.87655,1.1118,20,4.9137116,1.60943209742209,1.56488960689284
"Melt: 1e3 rows, 10 id (5 int + 5 chr) + 10 val","polars",1000,20,10,10,20,0.0018082,FALSE,0.8598,1.024525,1.107585,1.13015,1.1925,1.3873,20,4.8379388,2.00862326922554,2.02863040746724
"Melt: 1e3 rows, 10 id (5 int + 5 chr) + 10 val","reshape2",1000,20,10,10,20,0.0016309,FALSE,1.099,1.1925,1.25543,1.25435,1.276575,1.79,20,5.1277002,2.27674256231695,2.25157063363848
"Melt: 1e3 rows, 10 id (5 int + 5 chr) + 10 val","tidyr",1000,20,10,10,20,0.0048721,FALSE,4.4313,4.51005,4.57672,4.53975,4.598025,4.921,20,4.8769364,8.29995556885467,8.14889606892838
"Melt: 1e3 rows, 10 id (5 int + 5 chr) + 10 val","pandas",1000,20,10,10,15,0.0128344,FALSE,11.8458,11.96865,12.0741866666667,12.1173,12.1611,12.3435,15,3.7350572,21.8967323461761,21.7506731287022
"Melt: 1e3 rows, 10 id (5 int + 5 chr) + 10 val","duckdb",1000,20,10,10,15,0.0257595,FALSE,21.2984,24.33195,24.44038,24.6274,24.90715,26.3369,15,4.123258,44.3230234941015,44.2064261353437
"Melt: 1e3 rows, 10 id (5 int + 5 chr) + 10 val","dask",1000,20,10,10,10,0.1248721,FALSE,101.305,101.457775,102.41516,102.1248,103.3162,104.1726,10,2.781958,185.731545206424,183.315024232633
"Melt: 1e3 rows, 10 id (5 int + 5 chr) + 100 val","dataprep",1000,110,10,100,20,0.0017411,FALSE,1.6437,1.658175,1.700605,1.7048,1.736,1.7709,20,5.0559176,1,1
"Melt: 1e3 rows, 10 id (5 int + 5 chr) + 100 val","polars",1000,110,10,100,20,0.0025586,FALSE,1.9243,2.193225,2.60726,2.5168,2.841375,3.8455,20,4.8087363,1.53313673663196,1.47630220553731
"Melt: 1e3 rows, 10 id (5 int + 5 chr) + 100 val","data.table",1000,110,10,100,20,0.0039322,FALSE,3.6308,3.6538,3.72088,3.6962,3.7766,3.9386,20,5.1489421,2.18797427974162,2.16811356170812
"Melt: 1e3 rows, 10 id (5 int + 5 chr) + 100 val","reshape2",1000,110,10,100,20,0.0076333,FALSE,5.9035,5.97905,6.26648,6.1117,6.274475,8.1748,20,5.1237124,3.68485333160846,3.58499530736743
"Melt: 1e3 rows, 10 id (5 int + 5 chr) + 100 val","tidyr",1000,110,10,100,20,0.0090628,FALSE,8.9257,9.102225,9.45307,9.34385,9.793225,10.475,20,5.1176077,5.55865118590149,5.48090685124355
"Melt: 1e3 rows, 10 id (5 int + 5 chr) + 100 val","pandas",1000,110,10,100,15,0.0585247,FALSE,57.75,58.1758,58.2904333333333,58.3529,58.393,58.7338,15,3.8843733,34.2762918686781,34.2285898639137
"Melt: 1e3 rows, 10 id (5 int + 5 chr) + 100 val","duckdb",1000,110,10,100,10,0.1536196,FALSE,129.1223,131.823625,141.63947,141.44555,151.48415,154.5989,10,2.6785894,83.2876946733662,82.9689992961051
"Melt: 1e3 rows, 10 id (5 int + 5 chr) + 100 val","dask",1000,110,10,100,10,0.5150646,FALSE,494.8899,497.767825,501.13246,499.5021,501.436125,520.4613,10,2.7998823,294.678928969396,292.997477709995
"Melt: 1e3 rows, 10 id (5 int + 5 chr) + 1000 val","polars",1000,1010,10,1000,15,0.0134162,FALSE,9.6648,10.3227,12.3502133333333,11.13,13.67385,17.1108,15,3.8847595,1,1
"Melt: 1e3 rows, 10 id (5 int + 5 chr) + 1000 val","dataprep",1000,1010,10,1000,15,0.0178136,FALSE,16.1719,16.4501,16.7541266666667,16.4761,16.6613,18.9181,15,3.9273525,1.35658601308911,1.48033243486074
"Melt: 1e3 rows, 10 id (5 int + 5 chr) + 1000 val","data.table",1000,1010,10,1000,15,0.0310982,FALSE,30.798,31.0745,31.4295666666667,31.1625,31.36435,32.7365,15,3.9543579,2.54486022373703,2.79986522911051
"Melt: 1e3 rows, 10 id (5 int + 5 chr) + 1000 val","reshape2",1000,1010,10,1000,15,0.0543459,FALSE,54.1092,54.3032,54.6305733333333,54.436,54.60655,56.8296,15,4.0011171,4.42345179462487,4.89092542677448
"Melt: 1e3 rows, 10 id (5 int + 5 chr) + 1000 val","tidyr",1000,1010,10,1000,15,0.0562447,FALSE,54.5843,54.99845,55.58516,55.6939,55.9134,57.4755,15,4.019552,4.50074492640343,5.00394429469901
"Melt: 1e3 rows, 10 id (5 int + 5 chr) + 1000 val","pandas",1000,1010,10,1000,10,0.51901,FALSE,519.4199,525.6044,567.94546,561.28915,614.37175,616.5568,10,2.6407109,45.9866922676639,50.4302920035939
"Melt: 1e3 rows, 10 id (5 int + 5 chr) + 1000 val","duckdb",1000,1010,10,1000,5,1.4513569,FALSE,1250.3572,1286.5645,1373.9947,1433.0592,1448.752,1451.2406,5,1.3404988,111.252709804743,128.756442048518
"Melt: 1e3 rows, 10 id (5 int + 5 chr) + 1000 val","dask",1000,1010,10,1000,5,4.7934877,FALSE,4769.2035,4802.5576,4799.77142,4806.4265,4806.9213,4813.7482,5,1.5020239,388.638745781449,431.844249775382
"Melt: 1e3 rows, 10 id (5 int + 5 chr) + 10000 val","polars",1000,10010,10,10000,10,0.1239202,FALSE,77.8261,92.1842,115.52414,94.92615,116.9042,207.7266,10,2.9981387,1.1430578888798,1
"Melt: 1e3 rows, 10 id (5 int + 5 chr) + 10000 val","dataprep",1000,10010,10,10000,10,0.1026726,FALSE,95.0846,100.4845,101.06587,101.01245,101.830325,105.6412,10,3.7454183,1,1.06411615766572
"Melt: 1e3 rows, 10 id (5 int + 5 chr) + 10000 val","data.table",1000,10010,10,10000,10,0.3719603,FALSE,310.602,341.2855,346.84182,354.93505,357.317275,374.7698,10,3.8231764,3.43183925493344,3.73906505214843
"Melt: 1e3 rows, 10 id (5 int + 5 chr) + 10000 val","tidyr",1000,10010,10,10000,10,0.5757105,FALSE,501.0219,502.105025,512.05851,516.6949,519.1394,522.0531,10,3.7181921,5.06658192325461,5.44312499769558
"Melt: 1e3 rows, 10 id (5 int + 5 chr) + 10000 val","reshape2",1000,10010,10,10000,10,0.5481246,FALSE,543.1595,545.085975,554.24341,547.8402,551.809275,589.1828,10,3.4437318,5.48398198125638,5.77122531567961
"Melt: 1e3 rows, 10 id (5 int + 5 chr) + 10000 val","pandas",1000,10010,10,10000,5,5.511058,FALSE,5334.3296,5348.3741,5672.20186,5821.9391,5877.823,5978.5435,5,1.4492374,56.1238117279355,61.3312464478966
"Melt: 1e3 rows, 10 id (5 int + 5 chr) + 10000 val","duckdb",1000,10010,10,10000,1,13.5099983,FALSE,12874.9171,12874.9171,12874.9171,12874.9171,12874.9171,12874.9171,1,0.2944224,127.391344872408,135.63087831962
"Melt: 1e3 rows, 10 id (5 int + 5 chr) + 10000 val","dask",1000,10010,10,10000,1,53.8077115,FALSE,54507.7198,54507.7198,54507.7198,54507.7198,54507.7198,54507.7198,1,0.2874125,539.328655657939,574.211845734816
