"label","tool","n_rows","n_cols","n_id","n_val","times","first_run_sec","skipped","min","lq","mean","median","uq","max","neval","gc_sec","relative_mean","relative_median"
"Melt: rows=1,000, 1 id + 9 val","dataprep",1000,10,1,9,20,0.000197691,FALSE,0.162602,0.1689795,0.17295685,0.1707565,0.176877,0.187691,20,4.609360062,1,1
"Melt: rows=1,000, 1 id + 9 val","data.table",1000,10,1,9,20,0.000279302,FALSE,0.243382,0.24883725,0.25655205,0.257088,0.26256025,0.276693,20,4.620110923,1.48332980162393,1.50558251076826
"Melt: rows=1,000, 1 id + 9 val","reshape2",1000,10,1,9,20,0.001132901,FALSE,0.349384,0.37043325,0.37818915,0.378288,0.38412825,0.427724,20,4.623857403,2.18660983939058,2.21536515447435
"Melt: rows=1,000, 1 id + 9 val","polars",1000,10,1,9,20,0.000988949,FALSE,0.610086,0.629951,0.6447826,0.636446,0.6536385,0.765207,20,4.611668534,3.72799689633571,3.72721389815322
"Melt: rows=1,000, 1 id + 9 val","pandas",1000,10,1,9,20,0.005536453,FALSE,2.02617,2.0536525,2.127809,2.0610045,2.0793025,3.275902,20,4.608755019,12.3025425127713,12.0698450717835
"Melt: rows=1,000, 1 id + 9 val","tidyr",1000,10,1,9,20,0.002892138,FALSE,2.743306,2.758891,2.7881307,2.791042,2.811377,2.836317,20,4.604155788,16.1203832054064,16.3451581638181
"Melt: rows=1,000, 1 id + 9 val","duckdb",1000,10,1,9,20,0.00519479,FALSE,4.374132,4.42646275,4.4891645,4.478093,4.5348755,4.792526,20,4.628778151,25.9554015929407,26.2250221807076
"Melt: rows=1,000, 1 id + 9 val","dask",1000,10,1,9,15,0.018643569,FALSE,14.929504,15.551599,15.7862008,15.775621,16.0913045,16.295796,15,3.46645019,91.272480968519,92.3866499957542
"Melt: rows=10,000, 1 id + 9 val","dataprep",10000,10,1,9,20,0.000258512,FALSE,0.227482,0.2347545,0.2411127,0.2412275,0.24368475,0.265443,20,4.574892063,1,1
"Melt: rows=10,000, 1 id + 9 val","data.table",10000,10,1,9,20,0.000397604,FALSE,0.319403,0.3240055,0.3341607,0.332098,0.3410455,0.376994,20,4.574411552,1.38591082095634,1.37670041765553
"Melt: rows=10,000, 1 id + 9 val","reshape2",10000,10,1,9,20,0.000839737,FALSE,0.423185,0.435434,0.4621616,0.4450395,0.45215725,0.840348,20,4.580166952,1.9167866313139,1.84489537884362
"Melt: rows=10,000, 1 id + 9 val","polars",10000,10,1,9,20,0.001967629,FALSE,0.672967,0.6945495,0.82943205,0.825708,0.8583605,1.603905,20,4.574600479,3.44001809112502,3.4229430724109
"Melt: rows=10,000, 1 id + 9 val","pandas",10000,10,1,9,20,0.00308103,FALSE,2.439173,2.4667865,2.49926115,2.478974,2.49911425,2.681226,20,4.569990566,10.3655309322155,10.2764983262688
"Melt: rows=10,000, 1 id + 9 val","tidyr",10000,10,1,9,20,0.003461073,FALSE,3.215271,3.2410385,3.26107435,3.2633365,3.2803695,3.308282,20,4.56724352,13.5251040281163,13.5280451026521
"Melt: rows=10,000, 1 id + 9 val","duckdb",10000,10,1,9,15,0.011906084,FALSE,10.308219,10.8008585,10.8501320666667,10.884624,10.9931005,11.140777,15,3.447514949,45.0002511965013,45.1218206879398
"Melt: rows=10,000, 1 id + 9 val","dask",10000,10,1,9,15,0.018366656,FALSE,15.502859,15.7683965,15.8181298666667,15.800402,15.908623,16.046214,15,3.440415137,65.6047145864431,65.5000031090983
"Melt: rows=100,000, 1 id + 9 val","dataprep",100000,10,1,9,20,0.000686336,FALSE,0.660476,0.665476,0.6793163,0.6693715,0.67817425,0.753717,20,4.601966026,1,1
"Melt: rows=100,000, 1 id + 9 val","data.table",100000,10,1,9,20,0.00102797,FALSE,0.982959,1.0192275,1.03354345,1.03406,1.0480925,1.07408,20,4.608085174,1.52144656325779,1.54482226984567
"Melt: rows=100,000, 1 id + 9 val","reshape2",100000,10,1,9,20,0.002391303,FALSE,1.131881,1.1448735,1.2038715,1.159206,1.17206925,1.888518,20,4.60608373,1.77218108854447,1.73178272454086
"Melt: rows=100,000, 1 id + 9 val","polars",100000,10,1,9,20,0.007376721,FALSE,1.468974,1.52674675,2.02905545,1.54269,1.5663725,6.651984,20,4.615532067,2.98690823405827,2.30468431954453
"Melt: rows=100,000, 1 id + 9 val","pandas",100000,10,1,9,20,0.008856855,FALSE,6.446772,6.498362,6.65897835,6.522703,6.59872575,8.951045,20,4.595844924,9.80247102859154,9.74451855210448
"Melt: rows=100,000, 1 id + 9 val","tidyr",100000,10,1,9,20,0.008550902,FALSE,7.912716,8.05488275,8.16685695,8.109288,8.16927575,9.021327,20,4.607848141,12.0221713360919,12.1147793116379
"Melt: rows=100,000, 1 id + 9 val","dask",100000,10,1,9,15,0.024279422,FALSE,16.415437,17.048889,17.6378836666667,17.472687,18.2238795,19.261445,15,3.477832011,25.9641696609763,26.1031236017667
"Melt: rows=100,000, 1 id + 9 val","duckdb",100000,10,1,9,15,0.074948309,FALSE,66.874761,67.9916425,68.4730483333333,68.180164,68.7939255,72.743868,15,3.487008747,100.797004772789,101.856986740547
"Melt: rows=1,000,000, 1 id + 9 val","dataprep",1000000,10,1,9,20,0.003695375,FALSE,3.350512,3.4479155,3.47358845,3.4885085,3.502129,3.516923,20,4.627604397,1,1
"Melt: rows=1,000,000, 1 id + 9 val","data.table",1000000,10,1,9,20,0.008139278,FALSE,7.806825,7.8661925,9.6460478,7.911386,7.9875235,30.186449,20,4.634986052,2.7769691023702,2.26784197315271
"Melt: rows=1,000,000, 1 id + 9 val","polars",1000000,10,1,9,15,0.051024869,FALSE,10.503201,10.531866,14.6712166,10.583872,11.920409,48.825448,15,3.456920197,4.22364848662483,3.03392467009898
"Melt: rows=1,000,000, 1 id + 9 val","reshape2",1000000,10,1,9,15,0.03019934,FALSE,17.65157,17.782426,18.7967532666667,17.887212,18.128774,30.852256,15,3.527206941,5.41133572305224,5.12746693895113
"Melt: rows=1,000,000, 1 id + 9 val","dask",1000000,10,1,9,15,0.091562179,FALSE,44.421006,44.733449,47.5839126,46.426465,50.219042,52.800447,15,3.456028869,13.6987767218077,13.3083995638824
"Melt: rows=1,000,000, 1 id + 9 val","pandas",1000000,10,1,9,15,0.062957944,FALSE,60.169947,60.5066805,61.6856882666667,60.713442,61.874868,67.145594,15,3.510370973,17.7584907235244,17.4038394918631
"Melt: rows=1,000,000, 1 id + 9 val","tidyr",1000000,10,1,9,15,0.068495217,FALSE,65.007904,65.797651,80.0137183333333,91.007033,91.618324,98.701577,15,3.635727313,23.0348872599842,26.0876626787637
"Melt: rows=1,000,000, 1 id + 9 val","duckdb",1000000,10,1,9,10,0.659305376,FALSE,644.229841,646.518656,648.8945968,648.7778445,650.42394525,656.163506,10,2.408020923,186.808139807121,185.975709819827
"Melt: rows=10,000,000, 1 id + 9 val","dataprep",10000000,10,1,9,15,0.030438562,FALSE,30.045649,31.497307,33.4120206,33.390201,34.283154,37.376638,15,3.424245034,1,1
"Melt: rows=10,000,000, 1 id + 9 val","polars",10000000,10,1,9,10,0.545481964,FALSE,90.062184,92.67811925,139.9585667,93.396316,95.3779,541.322023,10,2.271404914,4.18886868218919,2.79711751360826
"Melt: rows=10,000,000, 1 id + 9 val","data.table",10000000,10,1,9,10,0.365152913,FALSE,361.326637,362.251816,365.0652728,363.927937,368.09930975,369.834138,10,2.674070108,10.9261656806233,10.899243673316
"Melt: rows=10,000,000, 1 id + 9 val","reshape2",10000000,10,1,9,10,0.367387865,FALSE,362.000633,362.81608075,364.5635776,364.4097965,365.40063575,367.587857,10,2.64324807,10.9111502702713,10.9136748383156
"Melt: rows=10,000,000, 1 id + 9 val","dask",10000000,10,1,9,10,0.90571852,FALSE,474.975817,479.70975775,482.6930503,483.2254815,484.545379,489.593208,10,2.597130538,14.4466883963312,14.4720746514823
"Melt: rows=10,000,000, 1 id + 9 val","pandas",10000000,10,1,9,10,0.713342704,FALSE,706.833891,708.8027235,710.8062917,711.1535925,712.454128,714.410094,10,2.55686444,21.2739690367604,21.2982722835361
"Melt: rows=10,000,000, 1 id + 9 val","tidyr",10000000,10,1,9,5,1.160219902,FALSE,1081.246754,1081.91992,1083.9865484,1084.872939,1085.263243,1086.629886,5,1.803770386,32.4430108965035,32.4907579621938
"Melt: rows=10,000,000, 1 id + 9 val","duckdb",10000000,10,1,9,5,6.528652319,FALSE,6306.750339,6392.19664,6389.5640084,6411.412724,6412.425974,6425.034365,5,1.308238462,191.235486320752,192.014798712952
"Melt: rows=100,000,000, 1 id + 9 val","dataprep",100000000,10,1,9,10,0.276405461,FALSE,263.055174,274.78979875,276.2945888,275.544869,276.060473,295.809748,10,2.48247644,1,1
"Melt: rows=100,000,000, 1 id + 9 val","polars",100000000,10,1,9,5,5.41254257,FALSE,2487.978811,2490.307273,3121.3442176,2570.27731,2580.64106,5477.516634,5,1.173138775,11.2971601476402,9.3279810265674
"Melt: rows=100,000,000, 1 id + 9 val","data.table",100000000,10,1,9,5,3.585480421,FALSE,3543.531778,3547.179283,3571.8325196,3556.28017,3568.76896,3643.402407,5,2.384648411,12.9276238637649,12.9063559880696
"Melt: rows=100,000,000, 1 id + 9 val","reshape2",100000000,10,1,9,5,3.79799167,FALSE,3555.649644,3561.079696,3579.0614646,3572.887439,3589.722361,3615.968183,5,2.432045484,12.9537877674136,12.9666266403966
"Melt: rows=100,000,000, 1 id + 9 val","dask",100000000,10,1,9,1,10.513601853,FALSE,4756.546667,4756.546667,4756.546667,4756.546667,4756.546667,4756.546667,1,0.269938559,17.2154897700262,17.2623307567378
"Melt: rows=100,000,000, 1 id + 9 val","pandas",100000000,10,1,9,5,7.425227,FALSE,7371.012771,7401.939977,7463.088542,7462.167835,7465.022293,7615.299834,5,2.157423081,27.0113452978345,27.081498059033
"Melt: rows=100,000,000, 1 id + 9 val","tidyr",100000000,10,1,9,1,12.148116004,FALSE,12126.896791,12126.896791,12126.896791,12126.896791,12126.896791,12126.896791,1,1.238758816,43.8911845637999,44.0106064577091
"Melt: rows=100,000,000, 1 id + 9 val","duckdb",100000000,10,1,9,1,64.314883599,FALSE,71947.305287,71947.305287,71947.305287,71947.305287,71947.305287,71947.305287,1,0.284197574,260.400703464664,261.109218067131
"Melt: rows=1,000, 10 id (5 int + 5 chr) + 9 val","dataprep",1000,19,10,9,20,0.000263982,FALSE,0.229362,0.236537,0.24177515,0.2419125,0.2466045,0.261372,20,4.604002561,1,1
"Melt: rows=1,000, 10 id (5 int + 5 chr) + 9 val","data.table",1000,19,10,9,20,0.000469774,FALSE,0.391283,0.401514,0.40849175,0.408364,0.414604,0.430794,20,4.586745807,1.68955225547373,1.68806489949879
"Melt: rows=1,000, 10 id (5 int + 5 chr) + 9 val","reshape2",1000,19,10,9,20,0.000755797,FALSE,0.532025,0.5481675,0.57426595,0.554306,0.57188275,0.763617,20,4.682183222,2.37520667446592,2.29134914483543
"Melt: rows=1,000, 10 id (5 int + 5 chr) + 9 val","polars",1000,19,10,9,20,0.001922548,FALSE,0.686356,0.75080925,0.9077687,0.8761635,1.00259,1.325483,20,4.580774225,3.75459884938547,3.62181987288792
"Melt: rows=1,000, 10 id (5 int + 5 chr) + 9 val","tidyr",1000,19,10,9,20,0.00316674,FALSE,2.941498,2.9779955,3.01339105,3.008354,3.02625875,3.255431,20,4.582756775,12.4636094735129,12.4357112592363
"Melt: rows=1,000, 10 id (5 int + 5 chr) + 9 val","pandas",1000,19,10,9,20,0.006013077,FALSE,5.428051,5.5148795,5.5649792,5.5535675,5.60847725,5.795245,20,4.698103191,23.0171678106704,22.9569265746913
"Melt: rows=1,000, 10 id (5 int + 5 chr) + 9 val","duckdb",1000,19,10,9,15,0.01168951,FALSE,10.137626,10.2842175,10.3592894666667,10.347207,10.425419,10.56396,15,3.477547633,42.8467916023076,42.772518989304
"Melt: rows=1,000, 10 id (5 int + 5 chr) + 9 val","dask",1000,19,10,9,15,0.055341444,FALSE,50.69439,50.895242,51.3088634666667,51.404287,51.6291295,52.333646,15,3.486262692,212.217274879849,212.491239601095
"Melt: rows=10,000, 10 id (5 int + 5 chr) + 9 val","dataprep",10000,19,10,9,20,0.000510314,FALSE,0.456634,0.46786675,0.47235325,0.471105,0.47555,0.487994,20,4.519782248,1,1
"Melt: rows=10,000, 10 id (5 int + 5 chr) + 9 val","data.table",10000,19,10,9,20,0.001785037,FALSE,1.718656,1.73088425,1.76573365,1.7419165,1.754907,1.993669,20,4.570163781,3.73816344017957,3.69751223188037
"Melt: rows=10,000, 10 id (5 int + 5 chr) + 9 val","polars",10000,19,10,9,20,0.0031965,FALSE,1.619185,1.83768025,1.95328145,1.947063,2.06695425,2.620485,20,4.538140303,4.13521331757535,4.1329703569268
"Melt: rows=10,000, 10 id (5 int + 5 chr) + 9 val","reshape2",10000,19,10,9,20,0.003436113,FALSE,1.968638,1.9778315,2.01655325,1.984869,1.99427725,2.386642,20,4.543846358,4.26916349151827,4.21321998280638
"Melt: rows=10,000, 10 id (5 int + 5 chr) + 9 val","tidyr",10000,19,10,9,20,0.005082048,FALSE,4.730194,4.75742025,4.81075215,4.7924305,4.8473335,4.975307,20,4.519351914,10.1846492005718,10.1727438681398
"Melt: rows=10,000, 10 id (5 int + 5 chr) + 9 val","pandas",10000,19,10,9,20,0.006557982,FALSE,6.046498,6.09318225,6.12283,6.121823,6.127688,6.29484,20,4.515785434,12.962396257462,12.99460417529
"Melt: rows=10,000, 10 id (5 int + 5 chr) + 9 val","duckdb",10000,19,10,9,15,0.053675229,FALSE,48.45776,49.3941985,49.8065088666667,49.998674,50.277857,50.62005,15,3.448636208,105.44334958353,106.130637543647
"Melt: rows=10,000, 10 id (5 int + 5 chr) + 9 val","dask",10000,19,10,9,15,0.055451966,FALSE,50.259246,51.026164,51.3269058666667,51.357077,51.588434,52.219855,15,3.406870841,108.662120704508,109.0140775411
"Melt: rows=100,000, 10 id (5 int + 5 chr) + 9 val","dataprep",100000,19,10,9,20,0.003760166,FALSE,3.513093,3.65696475,3.67980425,3.67862,3.7290525,3.789046,20,4.629993847,1,1
"Melt: rows=100,000, 10 id (5 int + 5 chr) + 9 val","polars",100000,19,10,9,15,0.012927212,FALSE,3.360672,3.6208145,4.29864613333333,3.737506,3.8604015,12.000044,15,3.437603802,1.16817250084249,1.01600763329727
"Melt: rows=100,000, 10 id (5 int + 5 chr) + 9 val","pandas",100000,19,10,9,15,0.014905001,FALSE,13.002343,13.16143,13.3068966666667,13.194615,13.264735,14.72298,15,3.419373723,3.61619688511058,3.58683827087332
"Melt: rows=100,000, 10 id (5 int + 5 chr) + 9 val","data.table",100000,19,10,9,15,0.014925921,FALSE,14.86827,14.8874705,14.9492016666667,14.940762,14.9917575,15.187404,15,3.461139875,4.06249915784696,4.06151274119099
"Melt: rows=100,000, 10 id (5 int + 5 chr) + 9 val","reshape2",100000,19,10,9,15,0.024563152,FALSE,16.248654,16.2813845,16.6026694,16.320405,16.4067205,20.133611,15,3.472271949,4.51183494339407,4.43655637168286
"Melt: rows=100,000, 10 id (5 int + 5 chr) + 9 val","tidyr",100000,19,10,9,15,0.023813155,FALSE,22.749916,22.824776,22.9286979333333,22.870317,22.924042,23.820205,15,3.478705709,6.23095588123562,6.21709146364669
"Melt: rows=100,000, 10 id (5 int + 5 chr) + 9 val","dask",100000,19,10,9,15,0.066903605,FALSE,54.483167,55.928245,56.1353214666667,56.270083,56.37916,58.147501,15,3.431528595,15.2549748989139,15.2965196187701
"Melt: rows=100,000, 10 id (5 int + 5 chr) + 9 val","duckdb",100000,19,10,9,10,0.486782133,FALSE,462.644365,467.39505275,472.663838,468.833674,478.66420225,491.820991,10,2.311097415,128.448092857113,127.448247984298
"Melt: rows=1,000,000, 10 id (5 int + 5 chr) + 9 val","dataprep",1000000,19,10,9,15,0.020368573,FALSE,20.06015,20.181517,20.3543469333333,20.265502,20.5227095,20.870028,15,4.247233747,1,1
"Melt: rows=1,000,000, 10 id (5 int + 5 chr) + 9 val","polars",1000000,19,10,9,15,0.09709027,FALSE,25.246029,25.976501,39.9463338666667,28.50072,40.3695675,144.879803,15,3.720654825,1.96254559271801,1.40636634611864
"Melt: rows=1,000,000, 10 id (5 int + 5 chr) + 9 val","pandas",1000000,19,10,9,15,0.091979151,FALSE,89.847012,90.031268,90.4826087333333,90.313906,90.661034,92.220724,15,3.770116614,4.44537027052213,4.45653436070816
"Melt: rows=1,000,000, 10 id (5 int + 5 chr) + 9 val","dask",1000000,19,10,9,10,0.167773481,FALSE,106.956233,108.374925,111.1964458,110.5065275,113.92990925,117.265172,10,2.492367651,5.4630318606734,5.4529380767375
"Melt: rows=1,000,000, 10 id (5 int + 5 chr) + 9 val","data.table",1000000,19,10,9,10,0.146980643,FALSE,146.709661,146.81039875,157.1193823,153.314438,160.66646825,184.744281,10,2.857077999,7.71920527907939,7.56529189358349
"Melt: rows=1,000,000, 10 id (5 int + 5 chr) + 9 val","reshape2",1000000,19,10,9,10,0.254022758,FALSE,175.343452,190.75695025,208.9005841,201.6197715,220.6702515,277.750512,10,2.941997696,10.2631926626884,9.948915723874
"Melt: rows=1,000,000, 10 id (5 int + 5 chr) + 9 val","tidyr",1000000,19,10,9,10,0.213999509,FALSE,210.386704,211.3826085,221.5740973,221.0702905,225.403717,249.589916,10,2.935633207,10.8858367220389,10.9087004358441
"Melt: rows=1,000,000, 10 id (5 int + 5 chr) + 9 val","duckdb",1000000,19,10,9,5,4.730599618,FALSE,4647.966434,4676.826248,4701.936342,4685.040876,4748.032383,4751.815769,5,1.403536274,231.004038469044,231.183065487349
"Melt: rows=10,000,000, 10 id (5 int + 5 chr) + 9 val","polars",10000000,19,10,9,5,1.250567493,FALSE,247.664868,253.023048,518.9158766,408.176869,454.271946,1231.442652,5,1.63012145,1,1
"Melt: rows=10,000,000, 10 id (5 int + 5 chr) + 9 val","dataprep",10000000,19,10,9,10,0.847631084,FALSE,801.720059,824.22195425,827.3459057,829.8642305,835.63195575,842.120422,10,7.909291067,1.59437385327439,2.03309960344666
"Melt: rows=10,000,000, 10 id (5 int + 5 chr) + 9 val","dask",10000000,19,10,9,5,1.416538066,FALSE,954.589678,960.379983,963.9526866,962.789306,967.744602,974.259864,5,1.735741681,1.85762804737434,2.35875518463051
"Melt: rows=10,000,000, 10 id (5 int + 5 chr) + 9 val","pandas",10000000,19,10,9,5,1.349193868,FALSE,1338.352925,1340.326784,1340.9815722,1340.625936,1341.287844,1344.314372,5,1.740255796,2.58419838873745,3.28442407646573
"Melt: rows=10,000,000, 10 id (5 int + 5 chr) + 9 val","data.table",10000000,19,10,9,5,2.649442042,FALSE,2575.613032,2632.008177,2651.6497548,2679.242644,2683.555555,2687.829366,5,4.203499074,5.10998000711393,6.56392570839187
"Melt: rows=10,000,000, 10 id (5 int + 5 chr) + 9 val","reshape2",10000000,19,10,9,5,4.424268425,FALSE,2842.28274,2842.515702,3125.1682154,2968.757969,3084.384245,3887.900421,5,4.1049535,6.02249489045601,7.27321461471645
"Melt: rows=10,000,000, 10 id (5 int + 5 chr) + 9 val","tidyr",10000000,19,10,9,5,3.50907163,FALSE,3675.169524,3680.222673,3724.8586112,3743.30749,3749.917662,3775.675707,5,4.868528605,7.17815503276895,9.17079769652503
"Melt: rows=10,000,000, 10 id (5 int + 5 chr) + 9 val","duckdb",10000000,19,10,9,1,50.58722537,FALSE,47964.020739,47964.020739,47964.020739,47964.020739,47964.020739,47964.020739,1,0.354685332,92.4312068716535,117.50793438273
"Melt: 1e3 rows, 1 id + 10 val","dataprep",1000,11,1,10,20,0.000208742,FALSE,0.164872,0.16947675,0.1740396,0.1717765,0.17349425,0.226072,20,4.597031121,1,1
"Melt: 1e3 rows, 1 id + 10 val","data.table",1000,11,1,10,20,0.000301032,FALSE,0.238182,0.24683525,0.25638845,0.256582,0.2636305,0.277562,20,4.599129394,1.47316156782709,1.49369675130184
"Melt: 1e3 rows, 1 id + 10 val","reshape2",1000,11,1,10,20,0.000458484,FALSE,0.362513,0.37177325,0.3812096,0.3809185,0.3848215,0.431525,20,4.6104526,2.19036127410084,2.2175239337162
"Melt: 1e3 rows, 1 id + 10 val","polars",1000,11,1,10,20,0.001144831,FALSE,0.549975,0.56726575,0.58701655,0.580171,0.58906025,0.732447,20,4.596362216,3.37289070993038,3.37747596440724
"Melt: 1e3 rows, 1 id + 10 val","pandas",1000,11,1,10,20,0.002427403,FALSE,2.051849,2.0830825,2.12315415,2.10443,2.11737025,2.314692,20,4.579862771,12.1992589617535,12.2509772873472
"Melt: 1e3 rows, 1 id + 10 val","tidyr",1000,11,1,10,20,0.002819707,FALSE,2.736166,2.7599035,2.8026581,2.772611,2.800282,3.17628,20,4.642867545,16.1035655103781,16.1408050577349
"Melt: 1e3 rows, 1 id + 10 val","duckdb",1000,11,1,10,20,0.005394801,FALSE,4.568013,4.6660415,4.8293417,4.7765905,4.96251725,5.21814,20,4.616562577,27.748522175413,27.8070079434614
"Melt: 1e3 rows, 1 id + 10 val","dask",1000,11,1,10,15,0.017538936,FALSE,14.964312,15.2044395,15.358403,15.305805,15.401946,15.969991,15,3.446115472,88.2466001990352,89.1030204946544
"Melt: 1e3 rows, 1 id + 100 val","dataprep",1000,101,1,100,20,0.000310643,FALSE,0.244412,0.258648,0.2608734,0.2610775,0.26708525,0.269142,20,4.634384458,1,1
"Melt: 1e3 rows, 1 id + 100 val","data.table",1000,101,1,100,20,0.000452754,FALSE,0.344974,0.35473575,0.37108365,0.3566335,0.36039625,0.513175,20,4.637162243,1.4224664147437,1.36600626250826
"Melt: 1e3 rows, 1 id + 100 val","polars",1000,101,1,100,20,0.001821787,FALSE,0.666366,0.68954925,0.7500131,0.703162,0.723252,1.447894,20,4.544827367,2.87500795404974,2.69330754277944
"Melt: 1e3 rows, 1 id + 100 val","reshape2",1000,101,1,100,20,0.001525835,FALSE,1.06253,1.08123,1.109503,1.087285,1.0954285,1.522795,20,4.652158657,4.25303231375832,4.16460629506564
"Melt: 1e3 rows, 1 id + 100 val","tidyr",1000,101,1,100,20,0.003961248,FALSE,3.637094,3.65826675,3.6985445,3.68212,3.707155,3.947467,20,4.63372129,14.1775455067477,14.1035516273903
"Melt: 1e3 rows, 1 id + 100 val","pandas",1000,101,1,100,20,0.007162148,FALSE,6.28128,6.38070325,6.4308349,6.405031,6.463751,6.754014,20,4.638750177,24.6511714111136,24.5330639369536
"Melt: 1e3 rows, 1 id + 100 val","duckdb",1000,101,1,100,15,0.022831136,FALSE,20.720526,21.0468795,21.6725414,21.405963,22.1607255,23.328111,15,3.411501438,83.0768541369108,81.9908379695684
"Melt: 1e3 rows, 1 id + 100 val","dask",1000,101,1,100,15,0.048403519,FALSE,40.615236,44.28264,44.9061079333333,45.936846,46.272194,46.480761,15,3.388964613,172.137549989126,175.950995394088
"Melt: 1e3 rows, 1 id + 1000 val","dataprep",1000,1001,1,1000,20,0.000972,FALSE,0.895268,0.9074155,0.91615195,0.9170285,0.92421375,0.931918,20,4.53239732,1,1
"Melt: 1e3 rows, 1 id + 1000 val","data.table",1000,1001,1,1000,20,0.001370863,FALSE,1.255542,1.2791045,1.2907773,1.287422,1.29875275,1.351643,20,4.525323875,1.4089118076974,1.40390620356946
"Melt: 1e3 rows, 1 id + 1000 val","polars",1000,1001,1,1000,20,0.008569292,FALSE,2.013779,2.036989,2.70442025,2.072345,2.6193945,7.852195,20,4.61888507,2.95193417423824,2.25984797637151
"Melt: 1e3 rows, 1 id + 1000 val","reshape2",1000,1001,1,1000,20,0.009760783,FALSE,7.963575,8.045856,8.12729835,8.0784715,8.11838425,8.857734,20,4.558449342,8.87112487180756,8.80940068929155
"Melt: 1e3 rows, 1 id + 1000 val","tidyr",1000,1001,1,1000,15,0.013289996,FALSE,12.056154,12.113695,12.2329985333333,12.145405,12.226986,13.214155,15,3.401517923,13.3525869080269,13.2443048389445
"Melt: 1e3 rows, 1 id + 1000 val","pandas",1000,1001,1,1000,15,0.051512018,FALSE,47.4855,47.695372,48.2274199333333,47.867844,48.0873565,50.271706,15,3.400820832,52.6412893989183,52.1988618674338
"Melt: 1e3 rows, 1 id + 1000 val","duckdb",1000,1001,1,1000,10,0.18676155,FALSE,168.848551,176.74890325,178.161408,179.1591585,181.004928,182.678242,10,2.420582054,194.467094677908,195.369237161113
"Melt: 1e3 rows, 1 id + 1000 val","dask",1000,1001,1,1000,10,0.31016905,FALSE,305.320754,311.46504925,313.4976094,312.9162415,316.561003,319.426708,10,2.376304472,342.189534607223,341.228480358026
"Melt: 1e3 rows, 1 id + 10000 val","dataprep",1000,10001,1,10000,20,0.002812796,FALSE,2.155541,2.24928375,2.2947454,2.297237,2.337462,2.529745,20,4.981708614,1,1
"Melt: 1e3 rows, 1 id + 10000 val","data.table",1000,10001,1,10000,15,0.010347018,FALSE,9.608631,9.6958925,12.4147236666667,9.776833,9.883073,35.589937,15,3.741539644,5.41006582545788,4.25590959922725
"Melt: 1e3 rows, 1 id + 10000 val","polars",1000,10001,1,10000,15,0.063703174,FALSE,15.79474,16.0927875,19.4081505333333,16.201093,16.768384,62.37604,15,3.811307823,8.45764873668919,7.05242558778219
"Melt: 1e3 rows, 1 id + 10000 val","reshape2",1000,10001,1,10000,10,0.107093465,FALSE,90.458028,90.88673375,93.0920893,91.6627385,92.28622225,107.334787,10,2.551374465,40.5675023033056,39.9012981681907
"Melt: 1e3 rows, 1 id + 10000 val","tidyr",1000,10001,1,10000,15,0.095910619,FALSE,93.093972,95.390114,104.924169866667,108.190036,111.162504,124.983405,15,3.998152577,45.7236649724482,47.0957223830193
"Melt: 1e3 rows, 1 id + 10000 val","pandas",1000,10001,1,10000,10,0.490863763,FALSE,491.477399,494.346773,495.6591472,496.096432,497.4161925,497.9903,10,2.604857958,215.997446688421,215.953526780215
"Melt: 1e3 rows, 1 id + 10000 val","duckdb",1000,10001,1,10000,5,1.95811562,FALSE,1901.559323,1903.32134,1919.2474414,1927.899404,1928.797902,1934.659238,5,1.308499691,836.366178749067,839.225297172212
"Melt: 1e3 rows, 1 id + 10000 val","dask",1000,10001,1,10000,5,3.598287595,FALSE,3669.990785,3710.281448,3737.8662026,3743.554912,3776.775568,3788.7283,5,1.258391778,1628.88057324355,1629.5902042323
"Melt: 1e3 rows, 10 id (5 int + 5 chr) + 10 val","dataprep",1000,20,10,10,20,0.000184272,FALSE,0.235532,0.2410045,0.24694025,0.247632,0.2499395,0.264303,20,4.65677199,1,1
"Melt: 1e3 rows, 10 id (5 int + 5 chr) + 10 val","data.table",1000,20,10,10,20,0.000450264,FALSE,0.414583,0.4179865,0.4255145,0.425344,0.428319,0.454874,20,4.654360853,1.72314760351947,1.71764553854106
"Melt: 1e3 rows, 10 id (5 int + 5 chr) + 10 val","reshape2",1000,20,10,10,20,0.000768647,FALSE,0.549155,0.5593825,0.57624395,0.567316,0.5739085,0.745088,20,4.664426699,2.33353594644858,2.29096401111327
"Melt: 1e3 rows, 10 id (5 int + 5 chr) + 10 val","polars",1000,20,10,10,20,0.001837048,FALSE,0.686467,0.734597,1.01033215,1.0155145,1.26734975,1.571355,20,4.660510692,4.0914032848027,4.10090174129353
"Melt: 1e3 rows, 10 id (5 int + 5 chr) + 10 val","tidyr",1000,20,10,10,20,0.003039759,FALSE,2.952899,2.990483,3.0215211,3.0086335,3.03412575,3.21121,20,4.661493564,12.2358388314582,12.1496151547458
"Melt: 1e3 rows, 10 id (5 int + 5 chr) + 10 val","pandas",1000,20,10,10,20,0.006026457,FALSE,5.585463,5.6160005,5.66179575,5.660484,5.686264,5.804515,20,4.663584653,22.9277962989023,22.8584512502423
"Melt: 1e3 rows, 10 id (5 int + 5 chr) + 10 val","duckdb",1000,20,10,10,15,0.012385747,FALSE,11.64015,12.7978165,13.0875748,13.064054,13.565699,14.379167,15,3.545064638,52.9989533905469,52.7559200749499
"Melt: 1e3 rows, 10 id (5 int + 5 chr) + 10 val","dask",1000,20,10,10,15,0.050903803,FALSE,47.613841,48.4839995,48.9046935333333,48.722191,49.002225,52.476767,15,3.507106455,198.042617731752,196.752402758933
"Melt: 1e3 rows, 10 id (5 int + 5 chr) + 100 val","dataprep",1000,110,10,100,20,0.000578006,FALSE,0.518615,0.52684,0.5330166,0.533715,0.53973475,0.548185,20,4.644053595,1,1
"Melt: 1e3 rows, 10 id (5 int + 5 chr) + 100 val","data.table",1000,110,10,100,20,0.0020648,FALSE,1.926269,1.94866375,1.98526135,1.960554,1.9878065,2.216461,20,4.663254601,3.72457696439473,3.67340996599309
"Melt: 1e3 rows, 10 id (5 int + 5 chr) + 100 val","polars",1000,110,10,100,20,0.003714245,FALSE,1.637225,1.837827,2.09412465,2.061029,2.2591435,2.887047,20,4.632928661,3.92881694491316,3.86166587036152
"Melt: 1e3 rows, 10 id (5 int + 5 chr) + 100 val","reshape2",1000,110,10,100,20,0.004388222,FALSE,2.851997,2.9307005,2.97229265,2.964443,2.9763205,3.429343,20,4.742018037,5.57636037977054,5.5543557891384
"Melt: 1e3 rows, 10 id (5 int + 5 chr) + 100 val","tidyr",1000,110,10,100,20,0.005689554,FALSE,5.31753,5.35314025,5.39668205,5.368801,5.412751,5.654673,20,4.641602627,10.1247917044235,10.0593031861574
"Melt: 1e3 rows, 10 id (5 int + 5 chr) + 100 val","pandas",1000,110,10,100,15,0.021221532,FALSE,20.618905,20.684666,20.8055572,20.758437,20.874943,21.272621,15,3.468372845,39.0336008296927,38.8942356875861
"Melt: 1e3 rows, 10 id (5 int + 5 chr) + 100 val","duckdb",1000,110,10,100,15,0.065885535,FALSE,58.757497,59.406238,60.6079524666667,59.797476,62.2096195,63.206349,15,3.522436427,113.707438880265,112.040088811444
"Melt: 1e3 rows, 10 id (5 int + 5 chr) + 100 val","dask",1000,110,10,100,10,0.189404536,FALSE,185.370477,186.8513235,188.3716175,188.1298685,190.223518,191.224793,10,2.325699173,353.40666219401,352.49125188537
"Melt: 1e3 rows, 10 id (5 int + 5 chr) + 1000 val","dataprep",1000,1010,10,1000,20,0.004415211,FALSE,4.149039,4.1630375,4.1774665,4.176759,4.19007725,4.22124,20,4.63551568,1,1
"Melt: 1e3 rows, 10 id (5 int + 5 chr) + 1000 val","polars",1000,1010,10,1000,15,0.016715199,FALSE,5.518502,5.6513035,6.61103473333333,5.858586,6.25705,15.072963,15,3.502805528,1.58254643893215,1.40266316538733
"Melt: 1e3 rows, 10 id (5 int + 5 chr) + 1000 val","data.table",1000,1010,10,1000,15,0.01679101,FALSE,16.627287,16.657078,16.6814414,16.677248,16.704758,16.758628,15,3.465825653,3.99319573238948,3.99286815447097
"Melt: 1e3 rows, 10 id (5 int + 5 chr) + 1000 val","reshape2",1000,1010,10,1000,15,0.029918463,FALSE,24.861706,24.899841,25.2137423333333,24.934086,25.011607,28.826583,15,3.476339041,6.03565398629369,5.9697210205329
"Melt: 1e3 rows, 10 id (5 int + 5 chr) + 1000 val","tidyr",1000,1010,10,1000,15,0.029969144,FALSE,28.46728,28.5234405,28.6360822666667,28.585511,28.602747,29.701612,15,3.479331089,6.85489213777457,6.84394550894605
"Melt: 1e3 rows, 10 id (5 int + 5 chr) + 1000 val","pandas",1000,1010,10,1000,10,0.16668512,FALSE,165.376048,166.26699875,166.5211796,166.64564,166.90583475,167.304226,10,2.291608889,39.8617630087518,39.8983135009705
"Melt: 1e3 rows, 10 id (5 int + 5 chr) + 1000 val","duckdb",1000,1010,10,1000,10,0.594816398,FALSE,554.155592,561.9856815,570.0761344,570.808525,577.3860455,587.966513,10,2.38560102,136.46456157099,136.663026284255
"Melt: 1e3 rows, 10 id (5 int + 5 chr) + 1000 val","dask",1000,1010,10,1000,5,1.642837461,FALSE,1654.144859,1654.236759,1784.5420304,1664.90075,1968.051133,1981.376651,5,1.192917787,427.182846445328,398.61068115254
"Melt: 1e3 rows, 10 id (5 int + 5 chr) + 10000 val","dataprep",1000,10010,10,10000,15,0.024636984,FALSE,24.330801,24.7229495,25.0088650666667,24.944017,25.3998855,25.675793,15,4.291882431,1,1
"Melt: 1e3 rows, 10 id (5 int + 5 chr) + 10000 val","polars",1000,10010,10,10000,10,0.123505091,FALSE,41.886017,59.69682075,71.6049457,63.179414,65.33962175,184.895603,10,2.350830851,2.86318253583764,2.53284841811966
"Melt: 1e3 rows, 10 id (5 int + 5 chr) + 10000 val","data.table",1000,10010,10,10000,10,0.165425428,FALSE,166.846351,167.41983,182.0191254,182.835043,195.099627,200.103187,10,2.914733115,7.27818415249104,7.32981552249584
"Melt: 1e3 rows, 10 id (5 int + 5 chr) + 10000 val","tidyr",1000,10010,10,10000,10,0.260413188,FALSE,269.739087,272.74013,282.5738833,280.0233245,287.630261,314.971645,10,3.05225966,11.2989486946623,11.2260717469845
"Melt: 1e3 rows, 10 id (5 int + 5 chr) + 10000 val","reshape2",1000,10010,10,10000,10,0.374002395,FALSE,278.260498,286.32413625,308.6021592,299.6766105,324.1313005,380.692308,10,3.015990206,12.3397106736892,12.0139675377867
"Melt: 1e3 rows, 10 id (5 int + 5 chr) + 10000 val","pandas",1000,10010,10,10000,5,1.785145501,FALSE,1768.15586,1780.320805,1783.4934968,1781.594787,1784.849887,1802.546145,5,1.308381661,71.3144515772988,71.4237320717028
"Melt: 1e3 rows, 10 id (5 int + 5 chr) + 10000 val","duckdb",1000,10010,10,10000,5,5.867438364,FALSE,5748.416705,5802.568369,5815.56695,5806.364705,5855.48594,5864.999031,5,1.471224744,232.540218618371,232.775847811521
"Melt: 1e3 rows, 10 id (5 int + 5 chr) + 10000 val","dask",1000,10010,10,10000,1,24.824446063,FALSE,23777.051066,23777.051066,23777.051066,23777.051066,23777.051066,23777.051066,1,0.267100292,950.744905961027,953.216599635897
