"label","tool","n_long","n_id","n_levels","times","first_run_sec","skipped","min","lq","mean","median","uq","max","neval","gc_sec","relative_mean","relative_median"
"Dcast: n_long=1,000, 1 id + 10 lvl","dataprep",1000,1,10,20,0.000977159,FALSE,0.846458,0.8592705,0.887552,0.8807835,0.915624,0.9709,20,4.595473898,1,1
"Dcast: n_long=1,000, 1 id + 10 lvl","reshape2",1000,1,10,20,0.001815928,FALSE,1.618225,1.64069825,1.6643044,1.653931,1.673161,1.799288,20,4.597379916,1.87516269469282,1.87779516759794
"Dcast: n_long=1,000, 1 id + 10 lvl","data.table",1000,1,10,20,0.001990128,FALSE,1.781357,1.7938595,1.81039665,1.804477,1.81630475,1.884948,20,4.584267611,2.03976403636069,2.04871798801862
"Dcast: n_long=1,000, 1 id + 10 lvl","pandas",1000,1,10,20,0.00212937,FALSE,1.805587,1.8238995,1.905426,1.836088,1.885063,2.994729,20,4.607921959,2.14683308696279,2.08460762491577
"Dcast: n_long=1,000, 1 id + 10 lvl","tidyr",1000,1,10,20,0.00424352,FALSE,4.083448,4.11346925,4.1337651,4.122919,4.140874,4.317281,20,4.581350133,4.65749060336747,4.68096757035071
"Dcast: n_long=1,000, 1 id + 10 lvl","duckdb",1000,1,10,20,0.00744847,FALSE,6.654962,6.88131725,7.26974435,7.359054,7.5747735,8.418969,20,4.665446575,8.19078132886862,8.35512245631304
"Dcast: n_long=1,000, 1 id + 10 lvl","dask",1000,1,10,20,0.008563611,FALSE,7.944044,7.98305025,8.10742185,8.03675,8.215923,8.621922,20,4.739090137,9.13458800160441,9.12454649752181
"Dcast: n_long=1,000, 1 id + 10 lvl","polars",1000,1,10,15,0.099953537,FALSE,26.149906,28.121369,33.3222938666667,30.75026,38.5667695,49.858339,15,5.090013784,37.5440468464571,34.9123933407018
"Dcast: n_long=10,000, 1 id + 10 lvl","dataprep",10000,1,10,20,0.00104546,FALSE,0.890999,0.908788,0.9396208,0.9298785,0.95346225,1.024209,20,4.653052982,1,1
"Dcast: n_long=10,000, 1 id + 10 lvl","pandas",10000,1,10,20,0.002622985,FALSE,2.296801,2.309321,2.3293367,2.3152615,2.341031,2.463373,20,4.573160579,2.47901781229194,2.48985378197259
"Dcast: n_long=10,000, 1 id + 10 lvl","data.table",10000,1,10,20,0.003971607,FALSE,2.499593,2.52990875,2.55887655,2.554344,2.57903475,2.643285,20,4.657522872,2.72330768965523,2.74696532934141
"Dcast: n_long=10,000, 1 id + 10 lvl","reshape2",10000,1,10,20,0.00326456,FALSE,2.551164,2.569814,2.6108805,2.591595,2.62335475,2.775616,20,4.684759249,2.77865336740098,2.78702540170571
"Dcast: n_long=10,000, 1 id + 10 lvl","tidyr",10000,1,10,20,0.004545752,FALSE,4.414461,4.45186375,4.47398955,4.470717,4.493687,4.560674,20,4.639783233,4.7614841540332,4.80785070307572
"Dcast: n_long=10,000, 1 id + 10 lvl","dask",10000,1,10,15,0.011204936,FALSE,8.591371,8.703297,8.86836893333333,8.760643,8.98869,9.511209,15,3.57544264,9.43824246263315,9.42127708082292
"Dcast: n_long=10,000, 1 id + 10 lvl","duckdb",10000,1,10,20,0.009816973,FALSE,9.202826,10.1277255,10.3976462,10.380963,10.74758375,12.208534,20,4.644649342,11.0657897313469,11.1637843008522
"Dcast: n_long=10,000, 1 id + 10 lvl","polars",10000,1,10,15,0.043062675,FALSE,34.185782,38.9753215,48.1565004,49.554356,56.022307,76.099376,15,4.679056803,51.250994443716,53.2912160029509
"Dcast: n_long=100,000, 1 id + 10 lvl","dataprep",100000,1,10,20,0.00110759,FALSE,1.020589,1.04213675,1.0898846,1.064985,1.08391,1.307072,20,4.641486761,1,1
"Dcast: n_long=100,000, 1 id + 10 lvl","pandas",100000,1,10,20,0.007829774,FALSE,6.828105,7.0247285,7.07830775,7.061987,7.091797,7.374629,20,4.604524149,6.49454790901716,6.63106710423151
"Dcast: n_long=100,000, 1 id + 10 lvl","tidyr",100000,1,10,20,0.008117776,FALSE,7.516801,7.6684445,7.7485144,7.693237,7.75001325,8.293138,20,4.632608658,7.10948149923396,7.22379845725527
"Dcast: n_long=100,000, 1 id + 10 lvl","dask",100000,1,10,15,0.022749604,FALSE,14.423655,14.588862,14.7412999333333,14.634527,14.781194,15.431685,15,3.498719561,13.5255603513742,13.7415334488279
"Dcast: n_long=100,000, 1 id + 10 lvl","data.table",100000,1,10,15,0.02226772,FALSE,14.048482,14.4857365,14.6342805333333,14.694428,14.755579,15.178273,15,3.504398022,13.4273670197132,13.7977793114457
"Dcast: n_long=100,000, 1 id + 10 lvl","reshape2",100000,1,10,15,0.022901555,FALSE,19.022228,19.11639,19.3505560666667,19.216781,19.4099025,20.20446,15,3.46777855,17.7546834469142,18.044179964976
"Dcast: n_long=100,000, 1 id + 10 lvl","duckdb",100000,1,10,15,0.031686438,FALSE,30.154604,33.348399,34.2053006,34.077491,35.58965,39.707224,15,3.456883615,31.3843324329934,31.9980948088471
"Dcast: n_long=100,000, 1 id + 10 lvl","polars",100000,1,10,15,0.06589844,FALSE,37.19973,46.6234585,49.8572996,51.140091,55.160204,57.592882,15,4.655647234,45.7454849807035,48.0195411202975
"Dcast: n_long=1,000,000, 1 id + 10 lvl","dataprep",1000000,1,10,20,0.001950358,FALSE,1.598525,1.613585,1.653856,1.646565,1.67783325,1.742656,20,4.779492403,1,1
"Dcast: n_long=1,000,000, 1 id + 10 lvl","tidyr",1000000,1,10,15,0.047916941,FALSE,43.5869,43.8992885,44.7278717333333,44.760181,45.526694,45.946593,15,3.584391572,27.0445986430096,27.1839745166453
"Dcast: n_long=1,000,000, 1 id + 10 lvl","pandas",1000000,1,10,15,0.063360717,FALSE,55.130078,55.516002,56.7413018,56.825204,57.794784,58.52225,15,3.584110104,34.3084898564325,34.5113639607304
"Dcast: n_long=1,000,000, 1 id + 10 lvl","dask",1000000,1,10,10,0.124105087,FALSE,76.295508,76.610213,78.2173118,78.1425005,79.403122,81.771449,10,2.309816054,47.2939069665074,47.457889910207
"Dcast: n_long=1,000,000, 1 id + 10 lvl","polars",1000000,1,10,10,0.107250249,FALSE,93.804553,97.22113975,105.0181002,101.6865775,110.33909525,126.391429,10,2.845399552,63.4989383598088,61.7567952069915
"Dcast: n_long=1,000,000, 1 id + 10 lvl","reshape2",1000000,1,10,10,0.159701472,FALSE,148.938941,150.58372175,151.8263535,151.9545545,153.0350825,154.411362,10,2.398730672,91.8014346472728,92.2857916328842
"Dcast: n_long=1,000,000, 1 id + 10 lvl","duckdb",1000000,1,10,10,0.156621393,FALSE,147.79128,149.2850545,155.8798016,157.212974,160.81758375,164.634669,10,2.318881988,94.2523421628001,95.4793609726917
"Dcast: n_long=1,000,000, 1 id + 10 lvl","data.table",1000000,1,10,10,0.383098154,FALSE,314.483539,320.91390475,328.9797955,328.8946595,333.90073175,347.896434,10,2.397401366,198.916831634677,199.745931378354
"Dcast: n_long=10,000,000, 1 id + 10 lvl","dataprep",10000000,1,10,20,0.008457209,FALSE,8.284758,8.404229,9.2019101,8.477494,8.616601,18.904778,20,5.02676299,1,1
"Dcast: n_long=10,000,000, 1 id + 10 lvl","polars",10000000,1,10,5,3.374121555,FALSE,282.597419,300.298556,310.8777572,303.567176,328.41669,339.508945,5,1.339902316,33.7840463362058,35.8085981541243
"Dcast: n_long=10,000,000, 1 id + 10 lvl","data.table",10000000,1,10,10,0.671747861,FALSE,497.951115,543.94247275,560.9318317,560.725096,581.34001675,624.756969,10,2.649360277,60.958195157764,66.1427888949258
"Dcast: n_long=10,000,000, 1 id + 10 lvl","tidyr",10000000,1,10,10,0.728816367,FALSE,694.081231,695.167396,716.3771554,698.2372045,721.5323015,780.272441,10,2.518595886,77.8509187347962,82.3636329910702
"Dcast: n_long=10,000,000, 1 id + 10 lvl","pandas",10000000,1,10,10,0.765392121,FALSE,726.684317,728.680131,741.9209455,732.1521235,753.5442695,785.777953,10,2.55595052,80.6268413228684,86.3642160643228
"Dcast: n_long=10,000,000, 1 id + 10 lvl","dask",10000000,1,10,5,1.463746943,FALSE,950.448563,955.780962,957.0221464,957.066586,960.631128,961.183493,5,1.262663891,104.002553382911,112.894988306686
"Dcast: n_long=10,000,000, 1 id + 10 lvl","reshape2",10000000,1,10,5,2.244832081,FALSE,1573.696436,1620.487297,1693.3677224,1676.540944,1704.145454,1891.968481,5,1.321172891,184.023502077031,197.763742917423
"Dcast: n_long=10,000,000, 1 id + 10 lvl","duckdb",10000000,1,10,5,1.784646191,FALSE,1677.857046,1696.822515,1706.0000674,1708.785378,1722.417396,1724.118002,5,1.269722208,185.396298035991,201.567276603204
"Dcast: n_long=100,000,000, 1 id + 10 lvl","dataprep",100000000,1,10,15,0.080086624,FALSE,76.031026,76.561735,91.9257175333333,103.668076,104.0163035,113.74786,15,6.40784077,1,1
"Dcast: n_long=100,000,000, 1 id + 10 lvl","polars",100000000,1,10,5,2.765081006,FALSE,2347.158474,2405.648914,2434.0347896,2406.19958,2466.786,2544.38098,5,2.200864217,26.4782789290428,23.2106128795136
"Dcast: n_long=100,000,000, 1 id + 10 lvl","pandas",100000000,1,10,1,10.843057361,FALSE,10397.70031,10397.70031,10397.70031,10397.70031,10397.70031,10397.70031,1,0.407132561,113.10980853894,100.297996366789
"Dcast: n_long=100,000,000, 1 id + 10 lvl","tidyr",100000000,1,10,1,10.177806551,FALSE,10507.818587,10507.818587,10507.818587,10507.818587,10507.818587,10507.818587,1,0.522715108,114.307713542619,101.360216109345
"Dcast: n_long=100,000,000, 1 id + 10 lvl","dask",100000000,1,10,1,19.359060866,FALSE,13416.534193,13416.534193,13416.534193,13416.534193,13416.534193,13416.534193,1,0.573488746,145.949735862927,129.41818456243
"Dcast: n_long=100,000,000, 1 id + 10 lvl","data.table",100000000,1,10,1,18.13084419,FALSE,16869.402382,16869.402382,16869.402382,16869.402382,16869.402382,16869.402382,1,0.641397475,183.511239668953,162.725141942443
"Dcast: n_long=100,000,000, 1 id + 10 lvl","duckdb",100000000,1,10,1,17.154583695,FALSE,17118.025561,17118.025561,17118.025561,17118.025561,17118.025561,17118.025561,1,0.408751886,186.215849278444,165.123403669612
"Dcast: n_long=100,000,000, 1 id + 10 lvl","reshape2",100000000,1,10,1,22.054692969,FALSE,21766.496977,21766.496977,21766.496977,21766.496977,21766.496977,21766.496977,1,0.520838061,236.783541766832,209.963354359929
"Dcast: n_long=1,000,000, 1 id + 100 lvl","dataprep",1000000,1,100,20,0.007610752,FALSE,1.345932,1.393263,1.41548935,1.406273,1.43505875,1.544464,20,4.772929489,1,1
"Dcast: n_long=1,000,000, 1 id + 100 lvl","tidyr",1000000,1,100,15,0.044957963,FALSE,41.556361,41.652607,42.0469223333333,41.776453,42.322103,43.205766,15,3.534334143,29.7048666126194,29.7072140331216
"Dcast: n_long=1,000,000, 1 id + 100 lvl","pandas",1000000,1,100,15,0.060640091,FALSE,52.610275,53.079239,53.6860838,53.599664,53.8524315,57.38404,15,3.513058393,37.9275787557144,38.1146932352395
"Dcast: n_long=1,000,000, 1 id + 100 lvl","dask",1000000,1,100,10,0.122672044,FALSE,73.243439,73.70695325,74.5397294,74.2392435,75.373772,76.550131,10,2.446228563,52.6600425499492,52.7914874992267
"Dcast: n_long=1,000,000, 1 id + 100 lvl","reshape2",1000000,1,100,10,0.124342449,FALSE,99.613117,99.9037825,101.4377483,100.338834,102.498287,105.32536,10,2.349069652,71.6626714994359,71.350892749843
"Dcast: n_long=1,000,000, 1 id + 100 lvl","polars",1000000,1,100,10,0.169667837,FALSE,150.220103,157.87623775,173.4782051,174.2753445,189.45393,197.029414,10,2.542736763,122.557054279497,123.927106969984
"Dcast: n_long=1,000,000, 1 id + 100 lvl","duckdb",1000000,1,100,10,0.184071092,FALSE,167.641678,176.41211225,178.4208998,178.4520635,181.98520225,186.998049,10,2.436734464,126.048917146568,126.897169681847
"Dcast: n_long=1,000,000, 1 id + 100 lvl","data.table",1000000,1,100,10,0.306941238,FALSE,312.409999,324.6341795,329.2024833,331.07937,334.9631765,342.727595,10,2.42522561,232.57150136806,235.430368072202
"Dcast: n_long=1,000,000, 1 id + 1000 lvl","dataprep",1000000,1,1000,20,0.002825136,FALSE,2.035459,2.0648065,2.1069941,2.0896845,2.119985,2.358742,20,4.74669567,1,1
"Dcast: n_long=1,000,000, 1 id + 1000 lvl","tidyr",1000000,1,1000,15,0.047542798,FALSE,44.018374,44.4623785,45.413002,44.65258,45.0696145,55.868846,15,3.548685569,21.5534547533854,21.3680964758077
"Dcast: n_long=1,000,000, 1 id + 1000 lvl","pandas",1000000,1,1000,15,0.06057598,FALSE,54.820796,55.2393545,56.4454584666667,55.519423,56.001912,62.847301,15,3.487459792,26.7895664570996,26.5683278983023
"Dcast: n_long=1,000,000, 1 id + 1000 lvl","dask",1000000,1,1000,10,0.124484641,FALSE,75.107527,75.560243,76.1852339,75.8961345,76.26723275,78.133135,10,2.339610093,36.1582568740938,36.3194226209746
"Dcast: n_long=1,000,000, 1 id + 1000 lvl","reshape2",1000000,1,1000,10,0.124897275,FALSE,99.89598,100.06543125,100.9489698,100.807678,101.6940625,102.629786,10,2.369155181,47.9113680479694,48.2406210124064
"Dcast: n_long=1,000,000, 1 id + 1000 lvl","polars",1000000,1,1000,10,0.238301852,FALSE,133.851399,167.7201785,186.5746474,195.306168,202.93015125,229.120506,10,2.416852119,88.5501518015641,93.4620360154846
"Dcast: n_long=1,000,000, 1 id + 1000 lvl","duckdb",1000000,1,1000,10,0.203283142,FALSE,187.272102,192.54279925,195.786802,195.367373,200.3571625,204.927428,10,2.349986591,92.9223304422162,93.4913251258743
"Dcast: n_long=1,000,000, 1 id + 1000 lvl","data.table",1000000,1,1000,10,0.344383801,FALSE,211.225558,222.30591675,251.7671921,244.915755,279.1216935,311.489161,10,2.473404193,119.491170905509,117.202264265252
"Dcast: n_long=1,000,000, 1 id + 10000 lvl","dataprep",1000000,1,10000,15,0.01059327,FALSE,12.109603,12.2253645,12.2850506666667,12.301576,12.352446,12.395757,15,3.65730275,1,1
"Dcast: n_long=1,000,000, 1 id + 10000 lvl","tidyr",1000000,1,10000,15,0.059469319,FALSE,55.962707,56.555377,57.8271192666667,57.018236,58.0934015,67.00061,15,3.63471583,4.70711280203104,4.63503505567092
"Dcast: n_long=1,000,000, 1 id + 10000 lvl","pandas",1000000,1,10000,15,0.065016172,FALSE,58.236277,58.8037885,59.1992630666667,59.076266,59.3278785,61.697151,15,3.575098647,4.81880495839496,4.80233313194992
"Dcast: n_long=1,000,000, 1 id + 10000 lvl","dask",1000000,1,10000,10,0.123421742,FALSE,79.135834,79.589482,80.9202624,80.237805,80.84393825,87.718565,10,2.426974425,6.58688878016295,6.52256304395469
"Dcast: n_long=1,000,000, 1 id + 10000 lvl","reshape2",1000000,1,10000,10,0.143271808,FALSE,138.510263,139.59404325,140.1269305,140.0252525,140.644923,141.669763,10,2.351073111,11.406296506388,11.3827084025657
"Dcast: n_long=1,000,000, 1 id + 10000 lvl","polars",1000000,1,10000,10,0.3231665,FALSE,296.54219,298.6450995,308.8577529,305.271792,318.51535675,326.889495,10,2.794585282,25.1409425390513,24.8156652448434
"Dcast: n_long=1,000,000, 1 id + 10000 lvl","data.table",1000000,1,10000,10,0.436054533,FALSE,308.788325,394.149701,405.3213576,404.8998195,435.44687425,462.533262,10,2.450797541,32.9930554295367,32.9144671788395
"Dcast: n_long=1,000,000, 1 id + 10000 lvl","duckdb",1000000,1,10000,10,0.49310008,FALSE,473.754897,483.5246395,493.1811813,493.740201,502.48078,507.261813,10,2.374282409,40.1448227346885,40.1363370839639
"Dcast: n_long=1,000,000, 2 id (1 int + 1 chr) + 10 lvl","dataprep",1000000,2,10,20,0.002395643,FALSE,1.846207,1.88100025,1.9152108,1.921967,1.946738,1.989548,20,4.762838034,1,1
"Dcast: n_long=1,000,000, 2 id (1 int + 1 chr) + 10 lvl","tidyr",1000000,2,10,15,0.059167126,FALSE,52.366693,53.0891145,54.2553824,53.641875,55.474537,57.034846,15,3.568546946,28.3286740028826,27.9098834683426
"Dcast: n_long=1,000,000, 2 id (1 int + 1 chr) + 10 lvl","pandas",1000000,2,10,15,0.097919921,FALSE,80.001363,80.326761,80.8963198666667,80.505888,80.9324015,83.326464,15,3.552121451,42.2388594856852,41.8872373979366
"Dcast: n_long=1,000,000, 2 id (1 int + 1 chr) + 10 lvl","dask",1000000,2,10,10,0.156460692,FALSE,106.578873,107.41366825,108.2932801,108.285759,109.07819425,109.895574,10,2.346293723,56.5437914719361,56.3411125165
"Dcast: n_long=1,000,000, 2 id (1 int + 1 chr) + 10 lvl","polars",1000000,2,10,10,0.164012163,FALSE,100.190372,110.86310575,122.6488539,119.6088205,131.50023225,161.49804,10,2.727851376,64.0393495588057,62.2325047724545
"Dcast: n_long=1,000,000, 2 id (1 int + 1 chr) + 10 lvl","reshape2",1000000,2,10,10,0.217668208,FALSE,189.437253,192.05436475,218.2723118,200.6907035,202.32118175,393.790025,10,2.353344643,113.967774095677,104.419432539685
"Dcast: n_long=1,000,000, 2 id (1 int + 1 chr) + 10 lvl","duckdb",1000000,2,10,10,0.294480031,FALSE,272.136551,277.56864425,285.377051,287.7665725,291.68835375,295.919035,10,2.367245203,149.005556464072,149.725033000046
"Dcast: n_long=1,000,000, 2 id (1 int + 1 chr) + 10 lvl","data.table",1000000,2,10,10,0.328495601,FALSE,280.327477,286.72161825,304.4515687,301.8558955,322.73164675,331.5925,10,2.445364599,158.965043795701,157.0557119347
"Dcast: n_long=1,000,000, 10 id (5 int + 5 chr) + 10 lvl","dataprep",1000000,10,10,20,0.004085569,FALSE,3.324121,3.46167975,3.56498255,3.4837925,3.570674,4.559963,20,5.078360211,1,1
"Dcast: n_long=1,000,000, 10 id (5 int + 5 chr) + 10 lvl","tidyr",1000000,10,10,15,0.099754059,FALSE,88.083528,92.0185155,93.897034,93.189166,94.1359705,103.08084,15,3.830523702,26.3387078851199,26.7493445720433
"Dcast: n_long=1,000,000, 10 id (5 int + 5 chr) + 10 lvl","polars",1000000,10,10,10,0.153849518,FALSE,105.688075,113.0111455,119.9423776,119.440324,122.6897295,138.291961,10,2.491238199,33.6445903781493,34.2845689001282
"Dcast: n_long=1,000,000, 10 id (5 int + 5 chr) + 10 lvl","pandas",1000000,10,10,10,0.241164329,FALSE,186.608206,188.850957,192.3562609,189.5053835,192.65296425,211.879564,10,2.490818504,53.9571395377517,54.3962889580823
"Dcast: n_long=1,000,000, 10 id (5 int + 5 chr) + 10 lvl","dask",1000000,10,10,10,0.380556681,FALSE,241.786815,244.1592175,248.2006433,247.3669325,251.428093,256.957417,10,2.424391541,69.621839607602,71.0050706234657
"Dcast: n_long=1,000,000, 10 id (5 int + 5 chr) + 10 lvl","data.table",1000000,10,10,10,0.376923226,FALSE,318.919651,394.2697465,405.3223638,405.96808,422.56432125,498.113867,10,2.507395171,113.695469224667,116.530499448518
"Dcast: n_long=1,000,000, 10 id (5 int + 5 chr) + 10 lvl","duckdb",1000000,10,10,5,1.067917898,FALSE,885.911755,895.282673,922.8634748,925.69282,939.361748,968.068378,5,1.226455521,258.86900198151,265.714108977501
"Dcast: n_long=1,000,000, 10 id (5 int + 5 chr) + 10 lvl","reshape2",1000000,10,10,5,1.663884015,FALSE,1225.730193,1225.795563,1247.6073464,1231.472097,1251.230212,1303.808667,5,1.524612125,349.961697961186,353.486063535644
"Dcast: n_long=1,000,000, 100 id (50 int + 50 chr) + 10 lvl","dataprep",1000000,100,10,15,0.020813496,FALSE,22.042627,22.385266,22.5787690666667,22.642133,22.7592295,23.026876,15,4.895972117,1,1
"Dcast: n_long=1,000,000, 100 id (50 int + 50 chr) + 10 lvl","polars",1000000,100,10,10,0.173761895,FALSE,121.394493,142.01070125,150.3364946,155.2130455,157.88289275,167.90593,10,3.266949736,6.65831224705441,6.85505404901561
"Dcast: n_long=1,000,000, 100 id (50 int + 50 chr) + 10 lvl","tidyr",1000000,100,10,10,0.438653858,FALSE,417.449978,422.76291525,431.5687295,426.043708,442.20608125,451.124154,10,3.250654885,19.1139175136492,18.8164122169939
"Dcast: n_long=1,000,000, 100 id (50 int + 50 chr) + 10 lvl","data.table",1000000,100,10,10,0.65044318,FALSE,441.919978,517.680233,549.582315,544.9612525,589.65193325,655.568169,10,3.367813696,24.3406677032432,24.0684591199955
"Dcast: n_long=1,000,000, 100 id (50 int + 50 chr) + 10 lvl","pandas",1000000,100,10,5,1.649634142,FALSE,1340.332471,1383.177444,1415.0009816,1384.371666,1426.115618,1541.007709,5,1.719440919,62.6695360328116,61.1413980299471
"Dcast: n_long=1,000,000, 100 id (50 int + 50 chr) + 10 lvl","dask",1000000,100,10,5,1.991593888,FALSE,1593.124679,1596.590482,1608.616549,1607.928978,1621.809809,1623.628797,5,1.567026563,71.2446521885386,71.0149073852715
"Dcast: n_long=1,000,000, 100 id (50 int + 50 chr) + 10 lvl","duckdb",1000000,100,10,5,9.127913843,FALSE,8150.840249,8190.862297,8314.758706,8243.532462,8353.84548,8634.713042,5,1.849529711,368.255624629032,364.079323357035
"Dcast: n_long=1,000,000, 100 id (50 int + 50 chr) + 10 lvl","reshape2",1000000,100,10,1,11.186578293,FALSE,10394.072076,10394.072076,10394.072076,10394.072076,10394.072076,10394.072076,1,0.347717062,460.347153793468,459.058873826066
"Dcast: n_long=10,000, 1 id + 100 lvl","dataprep",10000,1,100,20,0.00104988,FALSE,0.685376,0.9690765,1.0099315,1.003409,1.047,1.220432,20,4.720097412,1,1
"Dcast: n_long=10,000, 1 id + 100 lvl","pandas",10000,1,100,20,0.003475483,FALSE,2.312532,2.405203,2.48327945,2.481873,2.55365225,2.663694,20,4.690224517,2.45885928897158,2.47344103949636
"Dcast: n_long=10,000, 1 id + 100 lvl","data.table",10000,1,100,20,0.003494763,FALSE,2.684665,2.741181,2.88375065,2.813576,2.96006025,3.912957,20,4.760808042,2.85539232116238,2.80401710568671
"Dcast: n_long=10,000, 1 id + 100 lvl","reshape2",10000,1,100,20,0.003301101,FALSE,2.805006,2.83799675,2.8597331,2.852116,2.8650595,2.976347,20,4.93061032,2.83161095579255,2.84242616918923
"Dcast: n_long=10,000, 1 id + 100 lvl","tidyr",10000,1,100,20,0.004721785,FALSE,4.549463,4.59743875,4.64008885,4.617884,4.665544,4.901776,20,4.684894978,4.59445898063383,4.60219511684667
"Dcast: n_long=10,000, 1 id + 100 lvl","dask",10000,1,100,15,0.013876981,FALSE,9.024115,9.315608,9.4597618,9.379988,9.646041,9.870662,15,3.683056991,9.36673606081205,9.34812025804034
"Dcast: n_long=10,000, 1 id + 100 lvl","duckdb",10000,1,100,15,0.016817738,FALSE,13.973671,14.3593,14.8452182,14.818109,15.147043,16.923939,15,3.667159195,14.6992327697473,14.7677656867738
"Dcast: n_long=10,000, 1 id + 100 lvl","polars",10000,1,100,15,0.065219454,FALSE,35.180851,38.1579735,45.2410055333333,41.136407,46.803645,85.238593,15,3.75824003,44.7961129376926,40.99664942212
"Dcast: n_long=100,000, 1 id + 100 lvl","dataprep",100000,1,100,20,0.001290923,FALSE,1.13019,1.16661675,1.1839972,1.176506,1.20340125,1.235932,20,4.675387113,1,1
"Dcast: n_long=100,000, 1 id + 100 lvl","pandas",100000,1,100,20,0.007618741,FALSE,6.654623,6.6949905,6.860834,6.8395195,6.9979775,7.179658,20,4.620757527,5.79463701434429,5.81341659116061
"Dcast: n_long=100,000, 1 id + 100 lvl","tidyr",100000,1,100,20,0.008056486,FALSE,7.693203,7.761288,7.82574065,7.8382835,7.86534975,8.036746,20,4.666430688,6.60959388248553,6.6623404385528
"Dcast: n_long=100,000, 1 id + 100 lvl","data.table",100000,1,100,15,0.014286535,FALSE,8.380849,8.4412145,8.57669293333333,8.562641,8.697597,8.752573,15,3.511737752,7.24384562170699,7.27802578142398
"Dcast: n_long=100,000, 1 id + 100 lvl","dask",100000,1,100,15,0.020164819,FALSE,14.499716,14.6019875,14.9371172,14.644708,15.212533,16.061651,15,3.549847501,12.6158382806986,12.4476271264235
"Dcast: n_long=100,000, 1 id + 100 lvl","reshape2",100000,1,100,15,0.022606993,FALSE,18.273402,18.3695435,18.5086896666667,18.406403,18.492174,19.334373,15,3.572576565,15.6323762139528,15.6449716363537
"Dcast: n_long=100,000, 1 id + 100 lvl","duckdb",100000,1,100,15,0.040187139,FALSE,37.572144,41.987415,43.2993508,43.407338,44.311482,47.465087,15,3.521934038,36.5704841193881,36.8951267566846
"Dcast: n_long=100,000, 1 id + 100 lvl","polars",100000,1,100,15,0.062021663,FALSE,49.005141,56.3447845,60.7819311333333,58.886104,61.854957,79.907262,15,3.929468035,51.336211887438,50.0516818443765
"Dcast: n_long=10,000,000, 1 id + 100 lvl","dataprep",10000000,1,100,20,0.005634003,FALSE,4.773975,4.873101,5.07315615,4.957566,5.14250875,6.004886,20,5.069711122,1,1
"Dcast: n_long=10,000,000, 1 id + 100 lvl","polars",10000000,1,100,10,0.514799113,FALSE,465.755191,482.42865725,506.5569863,496.3899555,519.50536275,572.992962,10,2.684268213,99.8504621822058,100.127755333968
"Dcast: n_long=10,000,000, 1 id + 100 lvl","data.table",10000000,1,100,10,0.658404285,FALSE,502.567338,546.19934675,575.6044108,573.6814125,594.08895275,676.364304,10,2.983643772,113.460810939163,115.718361086872
"Dcast: n_long=10,000,000, 1 id + 100 lvl","tidyr",10000000,1,100,10,0.730246801,FALSE,630.510703,632.7390035,660.4549312,639.744454,650.16781275,835.513371,10,2.574473771,130.186201976062,129.044061944914
"Dcast: n_long=10,000,000, 1 id + 100 lvl","pandas",10000000,1,100,10,0.888062315,FALSE,796.507784,801.0390965,816.8830468,805.68475,833.971314,850.512993,10,2.541357621,161.0206787741,162.516192421846
"Dcast: n_long=10,000,000, 1 id + 100 lvl","dask",10000000,1,100,5,1.554993791,FALSE,974.339587,980.085542,1002.368377,993.458647,1027.085483,1036.872626,5,1.319585967,197.582796066705,200.392419788259
"Dcast: n_long=10,000,000, 1 id + 100 lvl","duckdb",10000000,1,100,5,1.765117758,FALSE,1635.908682,1642.802787,1669.4185334,1649.55912,1700.195677,1718.626401,5,1.258881825,329.069022131322,332.735685213268
"Dcast: n_long=10,000,000, 1 id + 100 lvl","reshape2",10000000,1,100,5,2.485144423,FALSE,1838.135695,2043.267205,2016.0362566,2049.960828,2063.067561,2085.749994,5,1.373704995,397.392904336288,413.501469874531
"Dcast: n_long=100,000,000, 1 id + 100 lvl","dataprep",100000000,1,100,15,0.097983839,FALSE,40.042949,40.193771,40.6795881333333,40.337972,40.697531,44.485382,15,5.962432799,1,1
"Dcast: n_long=100,000,000, 1 id + 100 lvl","polars",100000000,1,100,5,2.528626865,FALSE,2295.660808,2463.457417,2460.6246428,2469.511385,2497.216898,2577.276706,5,2.4266195,60.4879438487662,61.2205141349198
"Dcast: n_long=100,000,000, 1 id + 100 lvl","tidyr",100000000,1,100,5,8.946840754,FALSE,7720.108887,7764.540549,8100.4748844,8133.9633,8172.503585,8711.258101,5,2.616124774,199.128733994295,201.645320691878
"Dcast: n_long=100,000,000, 1 id + 100 lvl","pandas",100000000,1,100,5,9.826898955,FALSE,9500.788644,9513.340032,9529.8765896,9529.635028,9546.155444,9559.4638,5,1.978624603,234.266791452372,236.244772741674
"Dcast: n_long=100,000,000, 1 id + 100 lvl","dask",100000000,1,100,1,19.010482662,FALSE,12764.775538,12764.775538,12764.775538,12764.775538,12764.775538,12764.775538,1,0.433954413,313.788219688006,316.445644267887
"Dcast: n_long=100,000,000, 1 id + 100 lvl","reshape2",100000000,1,100,1,17.223320435,FALSE,16963.494092,16963.494092,16963.494092,16963.494092,16963.494092,16963.494092,1,0.555498665,417.002601806086,420.534133247948
"Dcast: n_long=100,000,000, 1 id + 100 lvl","duckdb",100000000,1,100,1,17.645115532,FALSE,17616.39174,17616.39174,17616.39174,17616.39174,17616.39174,17616.39174,1,0.44312056,433.05236233611,436.719816752315
"Dcast: n_long=100,000,000, 1 id + 100 lvl","data.table",100000000,1,100,1,18.486967921,FALSE,18866.886671,18866.886671,18866.886671,18866.886671,18866.886671,18866.886671,1,0.625758641,463.79247029643,467.720257999088
